time,open,high,low,close,tick_volume,spread,real_volume
2026-04-22 14:35:00,1.3513600000000001,1.35138,1.35089,1.35095,195,24,0
2026-04-22 14:36:00,1.35095,1.35107,1.35094,1.35104,182,24,0
2026-04-22 14:37:00,1.35103,1.3514300000000001,1.35103,1.35126,179,24,0
2026-04-22 14:38:00,1.35123,1.35156,1.35122,1.35155,190,24,0
2026-04-22 14:39:00,1.35155,1.35168,1.35144,1.35154,190,24,0
2026-04-22 14:40:00,1.35153,1.35162,1.3514599999999999,1.35156,168,24,0
2026-04-22 14:41:00,1.35156,1.35158,1.35135,1.3513600000000001,133,24,0
2026-04-22 14:42:00,1.35137,1.35138,1.35119,1.35123,124,24,0
2026-04-22 14:43:00,1.35124,1.35124,1.35096,1.35097,161,24,0
2026-04-22 14:44:00,1.35098,1.35106,1.3508499999999999,1.35092,193,24,0
2026-04-22 14:45:00,1.35093,1.35118,1.35092,1.35117,197,24,0
2026-04-22 14:46:00,1.35117,1.35137,1.35102,1.35103,191,24,0
2026-04-22 14:47:00,1.35102,1.35118,1.35102,1.35117,135,24,0
2026-04-22 14:48:00,1.35117,1.3512,1.35106,1.35108,147,24,0
2026-04-22 14:49:00,1.35108,1.35111,1.35097,1.35103,147,24,0
2026-04-22 14:50:00,1.35103,1.35118,1.35095,1.35097,153,24,0
2026-04-22 14:51:00,1.351,1.3510900000000001,1.35068,1.35069,200,24,0
2026-04-22 14:52:00,1.35069,1.35077,1.35066,1.35069,199,24,0
2026-04-22 14:53:00,1.35069,1.35086,1.35067,1.35086,184,24,0
2026-04-22 14:54:00,1.35086,1.35107,1.35084,1.35106,179,24,0
2026-04-22 14:55:00,1.35106,1.35107,1.35033,1.35039,298,24,0
2026-04-22 14:56:00,1.35039,1.3504,1.3502399999999999,1.35035,212,24,0
2026-04-22 14:57:00,1.35035,1.35036,1.35004,1.35013,336,24,0
2026-04-22 14:58:00,1.35012,1.3501699999999999,1.34982,1.3498299999999999,263,24,0
2026-04-22 14:59:00,1.3498299999999999,1.34993,1.3498,1.3498299999999999,223,24,0
2026-04-22 15:00:00,1.3498299999999999,1.34991,1.3497,1.34972,224,24,0
2026-04-22 15:01:00,1.34971,1.34973,1.34951,1.34954,250,24,0
2026-04-22 15:02:00,1.3495300000000001,1.3496000000000001,1.34935,1.3495,241,24,0
2026-04-22 15:03:00,1.34951,1.34969,1.34944,1.3496000000000001,174,24,0
2026-04-22 15:04:00,1.3496000000000001,1.34971,1.34948,1.3497,253,24,0
2026-04-22 15:05:00,1.34971,1.34978,1.34957,1.34958,185,24,0
2026-04-22 15:06:00,1.34959,1.34975,1.34957,1.34974,206,24,0
2026-04-22 15:07:00,1.34975,1.35,1.34975,1.34999,226,24,0
2026-04-22 15:08:00,1.34998,1.3502,1.34998,1.35009,119,24,0
2026-04-22 15:09:00,1.35009,1.3501699999999999,1.34981,1.35005,161,24,0
2026-04-22 15:10:00,1.35005,1.35032,1.35004,1.35029,174,24,0
2026-04-22 15:11:00,1.35028,1.3504,1.3501,1.3501,150,24,0
2026-04-22 15:12:00,1.3501,1.35013,1.34988,1.34997,161,24,0
2026-04-22 15:13:00,1.34995,1.35027,1.34995,1.3502,120,24,0
2026-04-22 15:14:00,1.3502,1.35034,1.3501699999999999,1.35034,135,24,0
2026-04-22 15:15:00,1.35033,1.35037,1.3502399999999999,1.35034,128,24,0
2026-04-22 15:16:00,1.35034,1.35034,1.35004,1.35007,132,24,0
2026-04-22 15:17:00,1.35007,1.3502,1.35003,1.35016,89,24,0
2026-04-22 15:18:00,1.35015,1.35022,1.35003,1.3502,91,24,0
2026-04-22 15:19:00,1.3502100000000001,1.35041,1.35015,1.35038,76,24,0
2026-04-22 15:20:00,1.35038,1.35046,1.35025,1.35025,103,24,0
2026-04-22 15:21:00,1.35025,1.3503,1.3501699999999999,1.35029,112,24,0
2026-04-22 15:22:00,1.35029,1.35043,1.35026,1.35041,94,24,0
2026-04-22 15:23:00,1.35041,1.3504800000000001,1.35034,1.35045,112,24,0
2026-04-22 15:24:00,1.35046,1.3504800000000001,1.35034,1.35045,114,24,0
2026-04-22 15:25:00,1.35046,1.35062,1.35046,1.35056,83,24,0
2026-04-22 15:26:00,1.35055,1.35066,1.35046,1.35066,103,24,0
2026-04-22 15:27:00,1.35067,1.35067,1.35057,1.35058,34,24,0
2026-04-22 15:28:00,1.35058,1.35062,1.3505,1.35057,131,24,0
2026-04-22 15:29:00,1.35057,1.3508,1.3505099999999999,1.35074,199,24,0
2026-04-22 15:30:00,1.3507500000000001,1.3508499999999999,1.35056,1.35079,199,24,0
2026-04-22 15:31:00,1.3508,1.3508499999999999,1.3505,1.3505099999999999,206,24,0
2026-04-22 15:32:00,1.3505,1.35058,1.35036,1.35058,139,24,0
2026-04-22 15:33:00,1.35057,1.35069,1.35055,1.35057,128,24,0
2026-04-22 15:34:00,1.35058,1.35071,1.3505099999999999,1.35066,174,24,0
2026-04-22 15:35:00,1.35067,1.35073,1.35046,1.35052,192,24,0
2026-04-22 15:36:00,1.35049,1.35058,1.35042,1.35045,170,24,0
2026-04-22 15:37:00,1.35045,1.3505099999999999,1.3504,1.35046,132,24,0
2026-04-22 15:38:00,1.35046,1.35046,1.35026,1.35034,138,24,0
2026-04-22 15:39:00,1.35034,1.35046,1.35034,1.35046,117,24,0
2026-04-22 15:40:00,1.35046,1.35049,1.3502,1.3502,137,24,0
2026-04-22 15:41:00,1.3502,1.35037,1.35012,1.35034,157,24,0
2026-04-22 15:42:00,1.35034,1.35035,1.34998,1.34999,200,24,0
2026-04-22 15:43:00,1.34999,1.35009,1.34988,1.35001,249,24,0
2026-04-22 15:44:00,1.35001,1.35003,1.34984,1.34996,144,24,0
2026-04-22 15:45:00,1.34994,1.35,1.34991,1.34996,115,24,0
2026-04-22 15:46:00,1.34996,1.35007,1.34991,1.34997,168,24,0
2026-04-22 15:47:00,1.34998,1.3502,1.34994,1.35016,123,24,0
2026-04-22 15:48:00,1.3501699999999999,1.35036,1.3501699999999999,1.35028,218,24,0
2026-04-22 15:49:00,1.35028,1.35037,1.35025,1.35035,153,24,0
2026-04-22 15:50:00,1.35034,1.35049,1.35034,1.35043,146,24,0
2026-04-22 15:51:00,1.35042,1.35047,1.35031,1.35036,116,24,0
2026-04-22 15:52:00,1.35035,1.35039,1.35022,1.35027,103,24,0
2026-04-22 15:53:00,1.35027,1.35037,1.3502399999999999,1.35026,106,24,0
2026-04-22 15:54:00,1.35027,1.35035,1.35022,1.35023,127,24,0
2026-04-22 15:55:00,1.35022,1.35043,1.35022,1.35035,120,24,0
2026-04-22 15:56:00,1.35034,1.35053,1.35033,1.35047,127,24,0
2026-04-22 15:57:00,1.35046,1.35058,1.3504399999999999,1.35046,150,24,0
2026-04-22 15:58:00,1.35045,1.3504800000000001,1.35022,1.35023,133,24,0
2026-04-22 15:59:00,1.35022,1.35027,1.35018,1.35025,120,24,0
2026-04-22 16:00:00,1.35026,1.35047,1.35026,1.35039,267,24,0
2026-04-22 16:01:00,1.35039,1.3504,1.35011,1.3502,196,24,0
2026-04-22 16:02:00,1.3502100000000001,1.35031,1.35011,1.35022,173,24,0
2026-04-22 16:03:00,1.3502,1.35027,1.3502,1.35023,90,24,0
2026-04-22 16:04:00,1.35023,1.3504399999999999,1.35023,1.35025,207,24,0
2026-04-22 16:05:00,1.35026,1.35038,1.3502399999999999,1.35033,113,24,0
2026-04-22 16:06:00,1.35033,1.35038,1.35023,1.35038,112,24,0
2026-04-22 16:07:00,1.35038,1.35038,1.35022,1.3502399999999999,68,24,0
2026-04-22 16:08:00,1.3502399999999999,1.3502399999999999,1.35004,1.3501,85,24,0
2026-04-22 16:09:00,1.35009,1.3502,1.35009,1.35011,103,24,0
2026-04-22 16:10:00,1.35011,1.35013,1.35001,1.35004,41,24,0
2026-04-22 16:11:00,1.35004,1.35006,1.34986,1.34995,132,24,0
2026-04-22 16:12:00,1.34995,1.35001,1.34984,1.34995,100,24,0
2026-04-22 16:13:00,1.34995,1.34996,1.34984,1.3498700000000001,75,24,0
2026-04-22 16:14:00,1.34986,1.34996,1.34981,1.34993,70,24,0
2026-04-22 16:15:00,1.34993,1.34995,1.3498299999999999,1.34984,92,24,0
2026-04-22 16:16:00,1.34985,1.34985,1.34954,1.3495599999999999,130,24,0
2026-04-22 16:17:00,1.34955,1.34978,1.34955,1.34975,73,24,0
2026-04-22 16:18:00,1.34975,1.34975,1.34957,1.3496299999999999,72,24,0
2026-04-22 16:19:00,1.3496299999999999,1.3496299999999999,1.34945,1.34951,126,24,0
2026-04-22 16:20:00,1.34952,1.34958,1.34948,1.3495300000000001,101,24,0
2026-04-22 16:21:00,1.3495300000000001,1.3498299999999999,1.3495300000000001,1.3498299999999999,109,24,0
2026-04-22 16:22:00,1.3498299999999999,1.34985,1.34974,1.34984,124,24,0
2026-04-22 16:23:00,1.3498299999999999,1.34995,1.3498299999999999,1.34994,55,24,0
2026-04-22 16:24:00,1.34996,1.35006,1.34974,1.34975,111,24,0
2026-04-22 16:25:00,1.34974,1.34977,1.34964,1.34969,119,24,0
2026-04-22 16:26:00,1.34968,1.34975,1.34954,1.34974,127,24,0
2026-04-22 16:27:00,1.34974,1.34998,1.34973,1.34998,103,24,0
2026-04-22 16:28:00,1.34999,1.35015,1.34996,1.3501400000000001,84,24,0
2026-04-22 16:29:00,1.3501,1.35016,1.35002,1.35006,136,24,0
2026-04-22 16:30:00,1.35007,1.35007,1.34977,1.3498,123,24,0
2026-04-22 16:31:00,1.34981,1.34998,1.3498,1.34991,98,24,0
2026-04-22 16:32:00,1.34991,1.34996,1.34985,1.34996,71,24,0
2026-04-22 16:33:00,1.34995,1.34997,1.34994,1.34994,47,24,0
2026-04-22 16:34:00,1.34994,1.35018,1.34994,1.35004,89,24,0
2026-04-22 16:35:00,1.35004,1.35018,1.35004,1.35015,120,24,0
2026-04-22 16:36:00,1.35015,1.35027,1.3501400000000001,1.35019,74,24,0
2026-04-22 16:37:00,1.35018,1.35019,1.34996,1.34996,95,24,0
2026-04-22 16:38:00,1.34999,1.35004,1.34997,1.35001,68,24,0
2026-04-22 16:39:00,1.35004,1.35018,1.34997,1.35016,85,24,0
2026-04-22 16:40:00,1.35016,1.35018,1.35006,1.35016,117,24,0
2026-04-22 16:41:00,1.3501699999999999,1.35047,1.3501400000000001,1.35036,102,24,0
2026-04-22 16:42:00,1.35036,1.35038,1.34993,1.35005,112,24,0
2026-04-22 16:43:00,1.35004,1.3501699999999999,1.34991,1.35015,208,24,0
2026-04-22 16:44:00,1.35015,1.35026,1.3501400000000001,1.35022,121,24,0
2026-04-22 16:45:00,1.3502,1.35028,1.35006,1.35015,114,24,0
2026-04-22 16:46:00,1.35015,1.35028,1.35013,1.35028,104,24,0
2026-04-22 16:47:00,1.35028,1.35049,1.35028,1.35045,126,24,0
2026-04-22 16:48:00,1.3504399999999999,1.3504800000000001,1.35028,1.35038,110,24,0
2026-04-22 16:49:00,1.35038,1.35046,1.35032,1.35041,79,24,0
2026-04-22 16:50:00,1.3504,1.3504,1.35028,1.35033,116,24,0
2026-04-22 16:51:00,1.35033,1.35056,1.35032,1.35045,90,24,0
2026-04-22 16:52:00,1.35045,1.35047,1.35027,1.35036,85,24,0
2026-04-22 16:53:00,1.35036,1.35047,1.35035,1.35045,75,24,0
2026-04-22 16:54:00,1.35045,1.35058,1.35045,1.35056,71,24,0
2026-04-22 16:55:00,1.35056,1.35057,1.3504,1.35047,70,24,0
2026-04-22 16:56:00,1.35047,1.3505099999999999,1.3502399999999999,1.35032,122,24,0
2026-04-22 16:57:00,1.35032,1.35046,1.3503,1.35036,122,24,0
2026-04-22 16:58:00,1.35036,1.35037,1.35025,1.35035,94,24,0
2026-04-22 16:59:00,1.35035,1.35038,1.35032,1.35035,55,24,0
2026-04-22 17:00:00,1.35035,1.35035,1.35023,1.35033,118,24,0
2026-04-22 17:01:00,1.35033,1.35077,1.35031,1.35077,197,24,0
2026-04-22 17:02:00,1.35079,1.35114,1.35079,1.35087,263,24,0
2026-04-22 17:03:00,1.35087,1.35096,1.3508,1.35093,199,24,0
2026-04-22 17:04:00,1.35093,1.35103,1.35087,1.3509,196,24,0
2026-04-22 17:05:00,1.35091,1.351,1.35086,1.35096,101,24,0
2026-04-22 17:06:00,1.35095,1.35111,1.35095,1.3510499999999999,96,24,0
2026-04-22 17:07:00,1.35106,1.35107,1.35093,1.35098,71,24,0
2026-04-22 17:08:00,1.35098,1.35108,1.35095,1.35099,78,24,0
2026-04-22 17:09:00,1.35099,1.35106,1.35098,1.35102,78,24,0
2026-04-22 17:10:00,1.35103,1.35145,1.35103,1.35135,175,24,0
2026-04-22 17:11:00,1.35135,1.35137,1.35115,1.35119,129,24,0
2026-04-22 17:12:00,1.3512,1.35128,1.35114,1.35126,127,24,0
2026-04-22 17:13:00,1.35126,1.35133,1.35124,1.35126,88,24,0
2026-04-22 17:14:00,1.35127,1.35133,1.3511199999999999,1.35117,100,24,0
2026-04-22 17:15:00,1.3511600000000001,1.35135,1.3511600000000001,1.35131,88,24,0
2026-04-22 17:16:00,1.35132,1.35134,1.35123,1.3513,73,24,0
2026-04-22 17:17:00,1.35131,1.3514599999999999,1.3513,1.3514599999999999,62,24,0
2026-04-22 17:18:00,1.3514599999999999,1.3514599999999999,1.3512,1.35122,90,24,0
2026-04-22 17:19:00,1.35122,1.35134,1.3511600000000001,1.35124,127,24,0
2026-04-22 17:20:00,1.35125,1.35126,1.3511600000000001,1.35124,96,24,0
2026-04-22 17:21:00,1.35124,1.3514,1.35122,1.3514,57,24,0
2026-04-22 17:22:00,1.35141,1.35158,1.3513899999999999,1.35157,110,24,0
2026-04-22 17:23:00,1.35156,1.35157,1.35133,1.35133,79,24,0
2026-04-22 17:24:00,1.35133,1.35135,1.35125,1.35133,83,24,0
2026-04-22 17:25:00,1.35133,1.35134,1.35115,1.35115,115,24,0
2026-04-22 17:26:00,1.3511600000000001,1.3512,1.35099,1.351,113,24,0
2026-04-22 17:27:00,1.351,1.35107,1.35093,1.35102,77,24,0
2026-04-22 17:28:00,1.35102,1.35103,1.35094,1.35098,94,24,0
2026-04-22 17:29:00,1.35098,1.35117,1.35097,1.35117,90,24,0
2026-04-22 17:30:00,1.35117,1.35132,1.35115,1.3513,100,24,0
2026-04-22 17:31:00,1.35129,1.35133,1.35119,1.35122,117,24,0
2026-04-22 17:32:00,1.35122,1.35127,1.35122,1.35123,79,24,0
2026-04-22 17:33:00,1.35123,1.35126,1.35121,1.35123,27,24,0
2026-04-22 17:34:00,1.35123,1.35123,1.35111,1.3511199999999999,56,24,0
2026-04-22 17:35:00,1.3511199999999999,1.3512,1.3510900000000001,1.35113,85,24,0
2026-04-22 17:36:00,1.35113,1.3511600000000001,1.35113,1.35113,52,24,0
2026-04-22 17:37:00,1.35114,1.35114,1.35102,1.35103,83,24,0
2026-04-22 17:38:00,1.35104,1.35113,1.351,1.35107,76,24,0
2026-04-22 17:39:00,1.35106,1.3511199999999999,1.35104,1.35111,103,24,0
2026-04-22 17:40:00,1.3511199999999999,1.3511199999999999,1.35102,1.35106,91,24,0
2026-04-22 17:41:00,1.3510499999999999,1.35106,1.3509,1.35094,100,24,0
2026-04-22 17:42:00,1.35094,1.3510499999999999,1.35093,1.35103,97,24,0
2026-04-22 17:43:00,1.35104,1.35113,1.35103,1.35107,110,24,0
2026-04-22 17:44:00,1.35107,1.35114,1.35106,1.35113,83,24,0
2026-04-22 17:45:00,1.35114,1.35115,1.35099,1.35101,88,24,0
2026-04-22 17:46:00,1.35101,1.35104,1.35092,1.35093,63,24,0
2026-04-22 17:47:00,1.35094,1.35123,1.35092,1.3511,177,24,0
2026-04-22 17:48:00,1.35111,1.35122,1.35103,1.3511,131,24,0
2026-04-22 17:49:00,1.3511,1.35115,1.3510499999999999,1.3510900000000001,144,24,0
2026-04-22 17:50:00,1.3511,1.35114,1.35106,1.35108,104,24,0
2026-04-22 17:51:00,1.3510900000000001,1.35115,1.35104,1.3511199999999999,104,24,0
2026-04-22 17:52:00,1.35113,1.35118,1.35111,1.35114,52,24,0
2026-04-22 17:53:00,1.35114,1.35117,1.35111,1.3511199999999999,81,24,0
2026-04-22 17:54:00,1.3511199999999999,1.35115,1.35103,1.35103,69,24,0
2026-04-22 17:55:00,1.35103,1.35111,1.35103,1.3511,88,24,0
2026-04-22 17:56:00,1.35111,1.35111,1.35097,1.35098,103,24,0
2026-04-22 17:57:00,1.35098,1.35107,1.35096,1.35099,103,24,0
2026-04-22 17:58:00,1.351,1.3511199999999999,1.35095,1.3510499999999999,98,24,0
2026-04-22 17:59:00,1.35106,1.35107,1.35096,1.35098,75,24,0
2026-04-22 18:00:00,1.35098,1.351,1.35079,1.351,128,24,0
2026-04-22 18:01:00,1.35101,1.35111,1.35096,1.35106,106,24,0
2026-04-22 18:02:00,1.35106,1.3511600000000001,1.35103,1.35104,108,24,0
2026-04-22 18:03:00,1.35104,1.3510900000000001,1.35104,1.3510499999999999,81,24,0
2026-04-22 18:04:00,1.3510499999999999,1.35108,1.35097,1.35104,40,24,0
2026-04-22 18:05:00,1.3510499999999999,1.3510499999999999,1.35094,1.35097,66,24,0
2026-04-22 18:06:00,1.35098,1.35098,1.3508,1.35081,75,24,0
2026-04-22 18:07:00,1.35081,1.35095,1.35081,1.35093,63,24,0
2026-04-22 18:08:00,1.35092,1.35096,1.3509,1.35095,65,24,0
2026-04-22 18:09:00,1.35094,1.35096,1.35093,1.35093,49,24,0
2026-04-22 18:10:00,1.35093,1.35104,1.35092,1.35094,71,24,0
2026-04-22 18:11:00,1.35094,1.35096,1.35088,1.35094,77,24,0
2026-04-22 18:12:00,1.35095,1.35106,1.35095,1.3510499999999999,97,24,0
2026-04-22 18:13:00,1.3510499999999999,1.35106,1.35098,1.3510499999999999,80,24,0
2026-04-22 18:14:00,1.3510499999999999,1.35106,1.35098,1.3510499999999999,42,24,0
2026-04-22 18:15:00,1.3510499999999999,1.35106,1.3509,1.35096,67,24,0
2026-04-22 18:16:00,1.35097,1.35098,1.3509,1.35094,54,24,0
2026-04-22 18:17:00,1.35094,1.35094,1.35076,1.35076,73,24,0
2026-04-22 18:18:00,1.35077,1.3508,1.35073,1.35073,37,24,0
2026-04-22 18:19:00,1.35073,1.35084,1.35071,1.35077,71,24,0
2026-04-22 18:20:00,1.35077,1.35077,1.35065,1.35068,96,24,0
2026-04-22 18:21:00,1.35068,1.35068,1.35053,1.35054,62,24,0
2026-04-22 18:22:00,1.35054,1.35054,1.3504,1.35043,121,24,0
2026-04-22 18:23:00,1.35042,1.3505,1.35042,1.3505,120,24,0
2026-04-22 18:24:00,1.3505099999999999,1.35065,1.35043,1.35065,85,24,0
2026-04-22 18:25:00,1.35065,1.35074,1.35063,1.35073,61,24,0
2026-04-22 18:26:00,1.35073,1.35073,1.35061,1.35066,75,24,0
2026-04-22 18:27:00,1.35067,1.3507500000000001,1.35064,1.35069,67,24,0
2026-04-22 18:28:00,1.35068,1.35073,1.35064,1.35066,71,24,0
2026-04-22 18:29:00,1.35066,1.35066,1.35059,1.35064,46,24,0
2026-04-22 18:30:00,1.35063,1.35074,1.3506,1.35072,53,24,0
2026-04-22 18:31:00,1.35072,1.3507799999999999,1.35069,1.35069,72,24,0
2026-04-22 18:32:00,1.35069,1.3507500000000001,1.35063,1.35067,56,24,0
2026-04-22 18:33:00,1.35067,1.35074,1.35066,1.3507,68,24,0
2026-04-22 18:34:00,1.3507,1.35074,1.35067,1.35073,106,24,0
2026-04-22 18:35:00,1.35073,1.35074,1.35065,1.35066,80,24,0
2026-04-22 18:36:00,1.35067,1.35067,1.35062,1.35063,81,24,0
2026-04-22 18:37:00,1.35063,1.3507,1.35062,1.3507,76,24,0
2026-04-22 18:38:00,1.3507,1.35072,1.35067,1.35072,48,24,0
2026-04-22 18:39:00,1.35072,1.35083,1.35072,1.35074,57,24,0
2026-04-22 18:40:00,1.35074,1.35077,1.35073,1.35076,60,24,0
2026-04-22 18:41:00,1.3507500000000001,1.35077,1.3507500000000001,1.3507500000000001,57,24,0
2026-04-22 18:42:00,1.35076,1.35084,1.3507500000000001,1.35079,56,24,0
2026-04-22 18:43:00,1.3507799999999999,1.35084,1.35076,1.3508,86,24,0
2026-04-22 18:44:00,1.35079,1.35087,1.35079,1.35086,64,24,0
2026-04-22 18:45:00,1.35086,1.35087,1.35079,1.35086,73,24,0
2026-04-22 18:46:00,1.35086,1.35096,1.35086,1.35093,67,24,0
2026-04-22 18:47:00,1.35093,1.35095,1.3508499999999999,1.3508499999999999,75,24,0
2026-04-22 18:48:00,1.3508499999999999,1.3509,1.35083,1.35086,71,24,0
2026-04-22 18:49:00,1.35086,1.35091,1.3508499999999999,1.35086,65,24,0
2026-04-22 18:50:00,1.35086,1.35086,1.3508,1.35083,48,24,0
2026-04-22 18:51:00,1.35083,1.35083,1.35074,1.35074,58,24,0
2026-04-22 18:52:00,1.35074,1.3508499999999999,1.35074,1.3508,56,24,0
2026-04-22 18:53:00,1.3508,1.35081,1.35063,1.35064,121,24,0
2026-04-22 18:54:00,1.35063,1.35063,1.35054,1.35055,40,24,0
2026-04-22 18:55:00,1.35055,1.35058,1.35046,1.35053,60,24,0
2026-04-22 18:56:00,1.3505,1.35056,1.3504399999999999,1.35046,67,24,0
2026-04-22 18:57:00,1.35046,1.35049,1.35029,1.3504800000000001,107,24,0
2026-04-22 18:58:00,1.3504800000000001,1.3504800000000001,1.35038,1.35042,82,24,0
2026-04-22 18:59:00,1.35043,1.35046,1.35041,1.35045,112,24,0
2026-04-22 19:00:00,1.3504399999999999,1.35046,1.3502399999999999,1.35025,188,24,0
2026-04-22 19:01:00,1.35026,1.35027,1.35,1.35016,194,24,0
2026-04-22 19:02:00,1.3501699999999999,1.35027,1.35011,1.35025,144,24,0
2026-04-22 19:03:00,1.35025,1.35027,1.35018,1.35026,84,24,0
2026-04-22 19:04:00,1.35026,1.35049,1.35026,1.35047,131,24,0
2026-04-22 19:05:00,1.35047,1.35057,1.35045,1.3504800000000001,111,24,0
2026-04-22 19:06:00,1.3504800000000001,1.35053,1.35047,1.3504800000000001,42,24,0
2026-04-22 19:07:00,1.35049,1.35065,1.35046,1.35065,54,24,0
2026-04-22 19:08:00,1.35065,1.35068,1.35056,1.35057,40,24,0
2026-04-22 19:09:00,1.35057,1.35058,1.35045,1.35053,49,24,0
2026-04-22 19:10:00,1.35053,1.35054,1.35045,1.35045,43,24,0
2026-04-22 19:11:00,1.35046,1.35053,1.35043,1.35052,76,24,0
2026-04-22 19:12:00,1.35053,1.35053,1.35047,1.3504800000000001,99,24,0
2026-04-22 19:13:00,1.3504800000000001,1.35049,1.3504399999999999,1.35047,62,24,0
2026-04-22 19:14:00,1.35047,1.35057,1.35047,1.35053,93,24,0
2026-04-22 19:15:00,1.35053,1.35058,1.35052,1.35057,91,24,0
2026-04-22 19:16:00,1.35057,1.35066,1.35056,1.35061,117,24,0
2026-04-22 19:17:00,1.35059,1.35073,1.35059,1.35065,84,24,0
2026-04-22 19:18:00,1.35066,1.35068,1.35062,1.35063,56,24,0
2026-04-22 19:19:00,1.35063,1.35065,1.35057,1.35058,70,24,0
2026-04-22 19:20:00,1.35059,1.35061,1.35054,1.35057,60,24,0
2026-04-22 19:21:00,1.35057,1.35065,1.35056,1.35064,63,24,0
2026-04-22 19:22:00,1.35064,1.35064,1.3505099999999999,1.35053,94,24,0
2026-04-22 19:23:00,1.35053,1.35058,1.3505099999999999,1.35056,102,24,0
2026-04-22 19:24:00,1.35055,1.35057,1.35053,1.35057,45,24,0
2026-04-22 19:25:00,1.35057,1.35064,1.35055,1.35062,79,24,0
2026-04-22 19:26:00,1.35063,1.35064,1.35056,1.35057,93,24,0
2026-04-22 19:27:00,1.35056,1.35064,1.35056,1.35063,60,24,0
2026-04-22 19:28:00,1.35063,1.35076,1.35058,1.35069,78,24,0
2026-04-22 19:29:00,1.35068,1.3509,1.35068,1.3507799999999999,84,24,0
2026-04-22 19:30:00,1.3507799999999999,1.3507799999999999,1.35071,1.35073,54,24,0
2026-04-22 19:31:00,1.35076,1.3507799999999999,1.35066,1.35067,66,24,0
2026-04-22 19:32:00,1.35067,1.3507500000000001,1.35061,1.35066,79,24,0
2026-04-22 19:33:00,1.35066,1.3507,1.35062,1.35066,59,24,0
2026-04-22 19:34:00,1.35066,1.35068,1.35065,1.35066,35,24,0
2026-04-22 19:35:00,1.35062,1.35062,1.3505,1.35055,92,24,0
2026-04-22 19:36:00,1.35054,1.35065,1.35053,1.35063,96,24,0
2026-04-22 19:37:00,1.35063,1.35073,1.35062,1.35071,80,24,0
2026-04-22 19:38:00,1.35071,1.35072,1.35067,1.35071,67,24,0
2026-04-22 19:39:00,1.35071,1.35071,1.35065,1.35065,66,24,0
2026-04-22 19:40:00,1.35066,1.35071,1.3506,1.35061,69,24,0
2026-04-22 19:41:00,1.35061,1.35062,1.35054,1.35057,52,24,0
2026-04-22 19:42:00,1.35056,1.35064,1.35055,1.35063,42,24,0
2026-04-22 19:43:00,1.35062,1.35065,1.35053,1.35056,68,24,0
2026-04-22 19:44:00,1.35057,1.35058,1.3505,1.35054,49,24,0
2026-04-22 19:45:00,1.35054,1.35058,1.35043,1.3504800000000001,53,24,0
2026-04-22 19:46:00,1.35049,1.35054,1.35046,1.3504800000000001,70,24,0
2026-04-22 19:47:00,1.35049,1.35059,1.35049,1.35052,47,24,0
2026-04-22 19:48:00,1.35052,1.35053,1.35042,1.35053,67,24,0
2026-04-22 19:49:00,1.35053,1.35053,1.3504399999999999,1.3505099999999999,94,24,0
2026-04-22 19:50:00,1.3505,1.35055,1.35032,1.35033,127,24,0
2026-04-22 19:51:00,1.35033,1.35039,1.35031,1.35034,94,24,0
2026-04-22 19:52:00,1.35033,1.35034,1.35019,1.35025,98,24,0
2026-04-22 19:53:00,1.3502399999999999,1.35028,1.35022,1.35025,87,24,0
2026-04-22 19:54:00,1.35025,1.35037,1.35025,1.35028,103,24,0
2026-04-22 19:55:00,1.35029,1.3503,1.35005,1.35006,95,24,0
2026-04-22 19:56:00,1.35005,1.3501400000000001,1.35001,1.35007,106,24,0
2026-04-22 19:57:00,1.35008,1.35029,1.35008,1.3501699999999999,111,24,0
2026-04-22 19:58:00,1.3501699999999999,1.35029,1.3501699999999999,1.35027,80,24,0
2026-04-22 19:59:00,1.35026,1.35032,1.35023,1.3502399999999999,92,24,0
2026-04-22 20:00:00,1.3502399999999999,1.35029,1.3502100000000001,1.35027,110,24,0
2026-04-22 20:01:00,1.35028,1.35029,1.35009,1.3501400000000001,128,24,0
2026-04-22 20:02:00,1.35013,1.35016,1.35006,1.35007,96,24,0
2026-04-22 20:03:00,1.35008,1.35008,1.35003,1.35005,29,24,0
2026-04-22 20:04:00,1.35004,1.35011,1.35,1.35007,63,24,0
2026-04-22 20:05:00,1.35007,1.3501699999999999,1.35001,1.35003,66,24,0
2026-04-22 20:06:00,1.35002,1.35002,1.34995,1.34997,37,24,0
2026-04-22 20:07:00,1.34997,1.34997,1.34989,1.34991,40,24,0
2026-04-22 20:08:00,1.34991,1.34992,1.34981,1.3498700000000001,42,24,0
2026-04-22 20:09:00,1.34986,1.3498700000000001,1.34981,1.34986,26,24,0
2026-04-22 20:10:00,1.34986,1.34986,1.34981,1.34985,37,24,0
2026-04-22 20:11:00,1.34986,1.34986,1.3498,1.34982,30,24,0
2026-04-22 20:12:00,1.34984,1.34986,1.3498,1.34985,27,24,0
2026-04-22 20:13:00,1.34984,1.34998,1.3498299999999999,1.34995,47,24,0
2026-04-22 20:14:00,1.34995,1.34998,1.34995,1.34996,46,24,0
2026-04-22 20:15:00,1.34996,1.34998,1.34995,1.34996,26,24,0
2026-04-22 20:16:00,1.34996,1.34997,1.34995,1.34997,16,24,0
2026-04-22 20:17:00,1.34997,1.34999,1.34996,1.34998,26,24,0
2026-04-22 20:18:00,1.34997,1.35009,1.34996,1.34999,68,24,0
2026-04-22 20:19:00,1.34999,1.35009,1.34999,1.35005,30,24,0
2026-04-22 20:20:00,1.35006,1.35008,1.35002,1.35002,83,24,0
2026-04-22 20:21:00,1.35003,1.35009,1.35003,1.35006,31,24,0
2026-04-22 20:22:00,1.35006,1.35015,1.35006,1.35015,49,24,0
2026-04-22 20:23:00,1.35015,1.35025,1.3501400000000001,1.35023,44,24,0
2026-04-22 20:24:00,1.35023,1.3502399999999999,1.35023,1.35023,21,24,0
2026-04-22 20:25:00,1.35023,1.3502399999999999,1.3502100000000001,1.35023,38,24,0
2026-04-22 20:26:00,1.3502399999999999,1.35025,1.35022,1.35022,26,24,0
2026-04-22 20:27:00,1.35022,1.35025,1.3502100000000001,1.35025,41,24,0
2026-04-22 20:28:00,1.35026,1.35031,1.35025,1.35031,15,24,0
2026-04-22 20:29:00,1.35031,1.35031,1.35026,1.35026,38,24,0
2026-04-22 20:30:00,1.35026,1.3503,1.35019,1.3502,41,24,0
2026-04-22 20:31:00,1.3502,1.3502100000000001,1.3501699999999999,1.3502100000000001,39,24,0
2026-04-22 20:32:00,1.3502100000000001,1.35035,1.3501699999999999,1.35033,65,24,0
2026-04-22 20:33:00,1.35033,1.35036,1.35033,1.35036,25,24,0
2026-04-22 20:34:00,1.35036,1.35037,1.35035,1.35035,16,24,0
2026-04-22 20:35:00,1.35035,1.35035,1.35028,1.35029,42,24,0
2026-04-22 20:36:00,1.3503,1.35031,1.34982,1.35016,93,24,0
2026-04-22 20:37:00,1.3501699999999999,1.35025,1.35007,1.35009,71,24,0
2026-04-22 20:38:00,1.35008,1.3501699999999999,1.35006,1.35007,36,24,0
2026-04-22 20:39:00,1.35006,1.35008,1.35003,1.35005,39,24,0
2026-04-22 20:40:00,1.35005,1.3501,1.35004,1.35009,26,24,0
2026-04-22 20:41:00,1.35009,1.35011,1.35005,1.35006,73,24,0
2026-04-22 20:42:00,1.35006,1.35007,1.35003,1.35006,123,24,0
2026-04-22 20:43:00,1.35005,1.3501,1.35004,1.35009,82,24,0
2026-04-22 20:44:00,1.35008,1.35011,1.35006,1.35006,14,24,0
2026-04-22 20:45:00,1.35006,1.35006,1.34994,1.35005,100,24,0
2026-04-22 20:46:00,1.35005,1.35012,1.35005,1.35008,43,24,0
2026-04-22 20:47:00,1.35007,1.3501699999999999,1.35007,1.3501699999999999,33,24,0
2026-04-22 20:48:00,1.3501699999999999,1.35025,1.3501699999999999,1.35018,32,24,0
2026-04-22 20:49:00,1.35018,1.35019,1.35011,1.35012,17,24,0
2026-04-22 20:50:00,1.35012,1.3501699999999999,1.35006,1.3501400000000001,146,24,0
2026-04-22 20:51:00,1.3501400000000001,1.35023,1.3501400000000001,1.35019,11,26,0
2026-04-22 20:52:00,1.35019,1.35023,1.35013,1.35013,15,25,0
2026-04-22 20:53:00,1.35013,1.3501400000000001,1.35004,1.35004,33,24,0
2026-04-22 20:54:00,1.35004,1.35012,1.35004,1.35012,11,25,0
2026-04-22 20:55:00,1.35008,1.35008,1.34999,1.34999,43,24,0
2026-04-22 20:56:00,1.35,1.35005,1.34999,1.35002,107,24,0
2026-04-22 20:57:00,1.35002,1.35009,1.35002,1.35008,130,26,0
2026-04-22 20:58:00,1.35008,1.35018,1.35002,1.35018,127,24,0
2026-04-22 20:59:00,1.35018,1.35025,1.34982,1.34982,63,39,0
2026-04-22 21:00:00,1.3501,1.35042,1.3501,1.35042,3,55,0
2026-04-22 21:02:00,1.35011,1.35042,1.35011,1.35042,2,55,0
2026-04-22 21:03:00,1.35056,1.35056,1.35032,1.35032,4,55,0
2026-04-22 21:04:00,1.35033,1.35052,1.35028,1.35028,6,55,0
2026-04-22 21:05:00,1.35028,1.35029,1.35022,1.35022,5,55,0
2026-04-22 21:06:00,1.35022,1.35023,1.3498999999999999,1.35018,8,55,0
2026-04-22 21:07:00,1.35018,1.35018,1.35018,1.35018,1,55,0
2026-04-22 21:09:00,1.3501699999999999,1.3501699999999999,1.3501699999999999,1.3501699999999999,1,55,0
2026-04-22 21:10:00,1.3501699999999999,1.3501699999999999,1.34989,1.3501699999999999,5,55,0
2026-04-22 21:11:00,1.3501699999999999,1.3501699999999999,1.3501699999999999,1.3501699999999999,1,55,0
2026-04-22 21:12:00,1.3501699999999999,1.3501699999999999,1.3501699999999999,1.3501699999999999,1,55,0
2026-04-22 21:13:00,1.3501699999999999,1.3501699999999999,1.3501699999999999,1.3501699999999999,1,56,0
2026-04-22 21:14:00,1.35012,1.35022,1.35011,1.3501699999999999,6,55,0
2026-04-22 21:15:00,1.3501699999999999,1.3502100000000001,1.3501699999999999,1.35018,5,55,0
2026-04-22 21:16:00,1.35018,1.3502399999999999,1.34989,1.34995,16,55,0
2026-04-22 21:17:00,1.34998,1.35004,1.34996,1.35003,10,55,0
2026-04-22 21:18:00,1.35003,1.3501,1.35,1.3501,17,55,0
2026-04-22 21:19:00,1.3501,1.35035,1.35009,1.35029,12,56,0
2026-04-22 21:20:00,1.34997,1.34998,1.34995,1.34995,4,90,0
2026-04-22 21:21:00,1.34995,1.34995,1.34995,1.34995,1,100,0
2026-04-22 21:22:00,1.34995,1.34995,1.34993,1.34993,3,100,0
2026-04-22 21:23:00,1.34993,1.34993,1.34984,1.34986,3,94,0
2026-04-22 21:24:00,1.34985,1.3498700000000001,1.34985,1.34986,6,100,0
2026-04-22 21:25:00,1.3498700000000001,1.3498700000000001,1.34986,1.3498700000000001,5,100,0
2026-04-22 21:26:00,1.3498700000000001,1.3498700000000001,1.34984,1.34985,5,99,0
2026-04-22 21:27:00,1.34985,1.34985,1.34985,1.34985,1,99,0
2026-04-22 21:28:00,1.34982,1.34985,1.34982,1.34985,2,99,0
2026-04-22 21:29:00,1.34985,1.3498700000000001,1.34985,1.34986,5,98,0
2026-04-22 21:30:00,1.3498700000000001,1.34991,1.34985,1.34991,5,95,0
2026-04-22 21:31:00,1.34992,1.34993,1.34991,1.34992,5,92,0
2026-04-22 21:32:00,1.34993,1.34995,1.34991,1.34994,11,90,0
2026-04-22 21:33:00,1.34992,1.34996,1.34992,1.34996,9,89,0
2026-04-22 21:34:00,1.34995,1.34997,1.34994,1.34997,9,87,0
2026-04-22 21:35:00,1.34998,1.35,1.34998,1.35,5,86,0
2026-04-22 21:36:00,1.35001,1.35001,1.35,1.35001,5,85,0
2026-04-22 21:37:00,1.35001,1.35002,1.35001,1.35002,2,84,0
2026-04-22 21:38:00,1.35002,1.35002,1.35002,1.35002,1,84,0
2026-04-22 21:39:00,1.35003,1.35007,1.34999,1.35007,21,80,0
2026-04-22 21:40:00,1.35008,1.3501400000000001,1.35003,1.35013,12,73,0
2026-04-22 21:41:00,1.35013,1.35013,1.35013,1.35013,1,74,0
2026-04-22 21:42:00,1.35013,1.3501400000000001,1.3501,1.35012,11,73,0
2026-04-22 21:43:00,1.35011,1.35016,1.3501,1.35016,5,71,0
2026-04-22 21:44:00,1.35016,1.3501699999999999,1.3501400000000001,1.3501400000000001,7,70,0
2026-04-22 21:45:00,1.3501400000000001,1.35029,1.35008,1.35028,10,60,0
2026-04-22 21:46:00,1.35028,1.35037,1.35028,1.35037,13,51,0
2026-04-22 21:47:00,1.35037,1.35037,1.3503,1.35034,21,50,0
2026-04-22 21:48:00,1.35034,1.35046,1.35031,1.35038,91,47,0
2026-04-22 21:49:00,1.35039,1.35042,1.35038,1.35042,18,60,0
2026-04-22 21:50:00,1.35042,1.35054,1.35037,1.35038,21,54,0
2026-04-22 21:51:00,1.35038,1.35042,1.35037,1.35042,12,64,0
2026-04-22 21:52:00,1.35042,1.35046,1.35038,1.35043,13,60,0
2026-04-22 21:53:00,1.35043,1.3504399999999999,1.35042,1.35043,6,62,0
2026-04-22 21:54:00,1.3504399999999999,1.35046,1.35041,1.35046,27,61,0
2026-04-22 21:55:00,1.3504399999999999,1.35045,1.3504,1.3504,18,61,0
2026-04-22 21:56:00,1.35042,1.3505099999999999,1.35039,1.35039,15,56,0
2026-04-22 21:57:00,1.35046,1.35055,1.3502,1.35054,79,64,0
2026-04-22 21:58:00,1.35054,1.35055,1.34979,1.34992,94,65,0
2026-04-22 21:59:00,1.34993,1.35007,1.34988,1.3498999999999999,57,91,0
2026-04-22 22:00:00,1.34989,1.35046,1.34989,1.35046,94,24,0
2026-04-22 22:01:00,1.35041,1.35042,1.35028,1.35028,19,24,0
2026-04-22 22:02:00,1.35028,1.35028,1.3502100000000001,1.3502399999999999,13,24,0
2026-04-22 22:03:00,1.3502399999999999,1.3502399999999999,1.3501,1.3502,39,24,0
2026-04-22 22:04:00,1.3502,1.35023,1.3501699999999999,1.3501699999999999,19,24,0
2026-04-22 22:05:00,1.3501699999999999,1.35025,1.35016,1.35016,27,24,0
2026-04-22 22:06:00,1.35016,1.35019,1.35013,1.35018,12,24,0
2026-04-22 22:07:00,1.35018,1.35029,1.35016,1.35029,20,24,0
2026-04-22 22:08:00,1.35029,1.35029,1.35027,1.35029,4,24,0
2026-04-22 22:09:00,1.35027,1.35028,1.35015,1.35015,25,24,0
2026-04-22 22:10:00,1.35016,1.35028,1.35016,1.35026,20,24,0
2026-04-22 22:11:00,1.35027,1.35028,1.35023,1.35027,25,24,0
2026-04-22 22:12:00,1.35027,1.35027,1.3501400000000001,1.35016,12,24,0
2026-04-22 22:13:00,1.35016,1.35018,1.35016,1.35016,6,24,0
2026-04-22 22:14:00,1.35016,1.3501699999999999,1.35012,1.35016,23,24,0
2026-04-22 22:15:00,1.35016,1.35018,1.35016,1.35018,7,24,0
2026-04-22 22:16:00,1.3501699999999999,1.35019,1.35013,1.35019,26,24,0
2026-04-22 22:17:00,1.35019,1.35019,1.3501400000000001,1.3501699999999999,20,24,0
2026-04-22 22:18:00,1.3501699999999999,1.35028,1.3501699999999999,1.35028,18,24,0
2026-04-22 22:19:00,1.35027,1.35027,1.3502399999999999,1.3502399999999999,5,24,0
2026-04-22 22:20:00,1.35023,1.35026,1.35022,1.35026,19,24,0
2026-04-22 22:21:00,1.35025,1.35027,1.35012,1.35015,23,24,0
2026-04-22 22:22:00,1.35016,1.35018,1.35016,1.3501699999999999,8,24,0
2026-04-22 22:23:00,1.35018,1.3502100000000001,1.35016,1.35019,17,24,0
2026-04-22 22:24:00,1.3501699999999999,1.35019,1.3501699999999999,1.35018,9,24,0
2026-04-22 22:25:00,1.35018,1.35028,1.35018,1.35023,36,24,0
2026-04-22 22:26:00,1.35023,1.35023,1.3502100000000001,1.3502100000000001,5,24,0
2026-04-22 22:27:00,1.35022,1.35022,1.3501400000000001,1.3501699999999999,29,24,0
2026-04-22 22:28:00,1.3501699999999999,1.3501699999999999,1.3501400000000001,1.3501699999999999,24,24,0
2026-04-22 22:29:00,1.35016,1.3501699999999999,1.35007,1.35013,25,24,0
2026-04-22 22:30:00,1.35013,1.3502399999999999,1.3501,1.35019,39,24,0
2026-04-22 22:31:00,1.3502,1.35023,1.3501400000000001,1.35015,29,24,0
2026-04-22 22:32:00,1.35015,1.35022,1.35015,1.3502100000000001,31,24,0
2026-04-22 22:33:00,1.3502100000000001,1.35022,1.35008,1.35012,21,24,0
2026-04-22 22:34:00,1.35012,1.35016,1.35012,1.35015,14,24,0
2026-04-22 22:35:00,1.35016,1.35016,1.35009,1.35012,29,24,0
2026-04-22 22:36:00,1.35012,1.3501400000000001,1.35011,1.35013,16,24,0
2026-04-22 22:37:00,1.35013,1.35013,1.35006,1.35011,28,24,0
2026-04-22 22:38:00,1.3501,1.35011,1.35004,1.35007,15,24,0
2026-04-22 22:39:00,1.35007,1.35007,1.35005,1.35006,8,24,0
2026-04-22 22:40:00,1.35006,1.35009,1.35004,1.35007,14,24,0
2026-04-22 22:41:00,1.35007,1.35009,1.35006,1.35008,9,24,0
2026-04-22 22:42:00,1.35009,1.3501,1.35006,1.35006,13,24,0
2026-04-22 22:43:00,1.35006,1.35006,1.35003,1.35003,8,24,0
2026-04-22 22:44:00,1.35003,1.35005,1.34993,1.34994,29,24,0
2026-04-22 22:45:00,1.34994,1.34996,1.34994,1.34995,6,24,0
2026-04-22 22:46:00,1.34995,1.35,1.34994,1.35,31,24,0
2026-04-22 22:47:00,1.35,1.35003,1.34999,1.35,17,24,0
2026-04-22 22:48:00,1.35,1.35002,1.34999,1.35001,14,24,0
2026-04-22 22:49:00,1.35,1.35015,1.35,1.35015,21,24,0
2026-04-22 22:50:00,1.35012,1.35012,1.35009,1.3501,9,24,0
2026-04-22 22:51:00,1.3501,1.35013,1.35006,1.35007,28,24,0
2026-04-22 22:52:00,1.35007,1.3501,1.35007,1.35008,19,24,0
2026-04-22 22:53:00,1.3501,1.35011,1.35001,1.35003,21,24,0
2026-04-22 22:54:00,1.35003,1.35009,1.35003,1.35009,12,24,0
2026-04-22 22:55:00,1.35009,1.35013,1.35009,1.35012,21,24,0
2026-04-22 22:56:00,1.35011,1.35011,1.35002,1.35003,20,24,0
2026-04-22 22:57:00,1.35004,1.35007,1.35003,1.35007,9,24,0
2026-04-22 22:58:00,1.35007,1.35007,1.35003,1.35005,10,24,0
2026-04-22 22:59:00,1.35005,1.3501,1.35004,1.35006,24,24,0
2026-04-22 23:00:00,1.35006,1.35008,1.35004,1.35006,20,24,0
2026-04-22 23:01:00,1.35006,1.35006,1.34993,1.35001,36,24,0
2026-04-22 23:02:00,1.35001,1.35002,1.34994,1.34998,33,24,0
2026-04-22 23:03:00,1.34998,1.34999,1.34996,1.34997,9,24,0
2026-04-22 23:04:00,1.34997,1.34997,1.34993,1.34997,19,24,0
2026-04-22 23:05:00,1.34997,1.34997,1.34994,1.34995,13,24,0
2026-04-22 23:06:00,1.34995,1.34997,1.34995,1.34997,6,24,0
2026-04-22 23:07:00,1.34997,1.34997,1.34996,1.34996,6,24,0
2026-04-22 23:08:00,1.34997,1.34998,1.34994,1.34996,17,24,0
2026-04-22 23:09:00,1.34996,1.34997,1.34994,1.34994,20,24,0
2026-04-22 23:10:00,1.34994,1.34997,1.34994,1.34995,34,24,0
2026-04-22 23:11:00,1.34995,1.34996,1.34994,1.34996,20,24,0
2026-04-22 23:12:00,1.34996,1.34997,1.34994,1.34997,29,24,0
2026-04-22 23:13:00,1.34997,1.34998,1.3498999999999999,1.34994,18,24,0
2026-04-22 23:14:00,1.34994,1.34997,1.34994,1.34996,11,24,0
2026-04-22 23:15:00,1.34996,1.34997,1.34989,1.34995,19,24,0
2026-04-22 23:16:00,1.34995,1.34997,1.34995,1.34995,7,24,0
2026-04-22 23:17:00,1.34996,1.35003,1.34995,1.35001,17,24,0
2026-04-22 23:18:00,1.35001,1.35006,1.35001,1.35005,17,24,0
2026-04-22 23:19:00,1.35005,1.35006,1.35004,1.35006,16,24,0
2026-04-22 23:20:00,1.35006,1.35008,1.34999,1.34999,23,24,0
2026-04-22 23:21:00,1.35,1.35004,1.34999,1.35,20,24,0
2026-04-22 23:22:00,1.35,1.35004,1.34999,1.34999,19,24,0
2026-04-22 23:23:00,1.34999,1.35001,1.34998,1.34999,21,24,0
2026-04-22 23:24:00,1.34999,1.35003,1.34999,1.35,26,24,0
2026-04-22 23:25:00,1.35,1.35002,1.34999,1.35002,19,24,0
2026-04-22 23:26:00,1.35002,1.35002,1.35,1.35,26,24,0
2026-04-22 23:27:00,1.35001,1.35005,1.35001,1.35005,5,24,0
2026-04-22 23:28:00,1.35005,1.35006,1.35003,1.35005,23,24,0
2026-04-22 23:29:00,1.35005,1.35007,1.35003,1.35005,20,24,0
2026-04-22 23:30:00,1.35005,1.35006,1.34994,1.34996,27,24,0
2026-04-22 23:31:00,1.34996,1.35001,1.34995,1.34998,20,24,0
2026-04-22 23:32:00,1.34998,1.34999,1.34996,1.34998,26,24,0
2026-04-22 23:33:00,1.34998,1.35005,1.34998,1.35005,21,24,0
2026-04-22 23:34:00,1.35005,1.35009,1.35005,1.35009,8,24,0
2026-04-22 23:35:00,1.35009,1.3501,1.35008,1.35009,11,24,0
2026-04-22 23:36:00,1.35009,1.35009,1.35007,1.35007,23,24,0
2026-04-22 23:37:00,1.35007,1.3501,1.35007,1.3501,24,24,0
2026-04-22 23:38:00,1.3501,1.35011,1.35007,1.3501,14,24,0
2026-04-22 23:39:00,1.3501,1.35011,1.35004,1.35004,12,24,0
2026-04-22 23:40:00,1.35004,1.35005,1.35003,1.35005,10,24,0
2026-04-22 23:41:00,1.35004,1.35004,1.35003,1.35004,3,24,0
2026-04-22 23:42:00,1.35004,1.35004,1.35003,1.35004,3,24,0
2026-04-22 23:43:00,1.35004,1.35004,1.35002,1.35003,10,24,0
2026-04-22 23:44:00,1.35004,1.35005,1.35003,1.35004,19,24,0
2026-04-22 23:45:00,1.35004,1.3501,1.35003,1.35005,55,24,0
2026-04-22 23:46:00,1.35005,1.35013,1.35004,1.35009,68,24,0
2026-04-22 23:47:00,1.35009,1.35011,1.35008,1.3501,72,24,0
2026-04-22 23:48:00,1.3501,1.35013,1.35004,1.35004,58,24,0
2026-04-22 23:49:00,1.35004,1.35007,1.34999,1.35004,38,24,0
2026-04-22 23:50:00,1.35004,1.35006,1.35,1.35005,28,24,0
2026-04-22 23:51:00,1.35005,1.35005,1.34995,1.34995,25,24,0
2026-04-22 23:52:00,1.34995,1.34995,1.34986,1.34991,56,24,0
2026-04-22 23:53:00,1.34991,1.34992,1.34986,1.34986,42,24,0
2026-04-22 23:54:00,1.34986,1.34996,1.34986,1.34995,41,24,0
2026-04-22 23:55:00,1.34995,1.34995,1.3498999999999999,1.34991,49,24,0
2026-04-22 23:56:00,1.34991,1.34992,1.34985,1.34986,27,24,0
2026-04-22 23:57:00,1.3498700000000001,1.3498700000000001,1.34984,1.34985,23,24,0
2026-04-22 23:58:00,1.34985,1.34989,1.3498299999999999,1.3498700000000001,63,24,0
2026-04-22 23:59:00,1.34988,1.34988,1.34985,1.34986,37,24,0
2026-04-23 00:00:00,1.34986,1.34992,1.34965,1.34968,117,24,0
2026-04-23 00:01:00,1.34967,1.34972,1.34951,1.3496299999999999,142,24,0
2026-04-23 00:02:00,1.3496299999999999,1.35004,1.3496000000000001,1.34989,95,24,0
2026-04-23 00:03:00,1.34989,1.35008,1.34989,1.35008,43,24,0
2026-04-23 00:04:00,1.35009,1.35025,1.34999,1.35,67,24,0
2026-04-23 00:05:00,1.34998,1.35013,1.34992,1.35008,98,24,0
2026-04-23 00:06:00,1.35008,1.3501699999999999,1.35008,1.35011,39,24,0
2026-04-23 00:07:00,1.35011,1.3501699999999999,1.35007,1.35012,32,24,0
2026-04-23 00:08:00,1.35012,1.35023,1.35009,1.3501400000000001,70,24,0
2026-04-23 00:09:00,1.35013,1.3501400000000001,1.34968,1.34969,198,24,0
2026-04-23 00:10:00,1.34971,1.34975,1.34954,1.34958,293,24,0
2026-04-23 00:11:00,1.34958,1.34967,1.34936,1.34944,213,24,0
2026-04-23 00:12:00,1.34945,1.34945,1.34918,1.3491900000000001,176,24,0
2026-04-23 00:13:00,1.3491900000000001,1.3491900000000001,1.34874,1.34882,287,24,0
2026-04-23 00:14:00,1.34879,1.3489499999999999,1.34856,1.34857,262,24,0
2026-04-23 00:15:00,1.34857,1.34857,1.34794,1.34796,371,24,0
2026-04-23 00:16:00,1.34798,1.34803,1.3477999999999999,1.34784,358,24,0
2026-04-23 00:17:00,1.34784,1.34839,1.34783,1.34836,395,24,0
2026-04-23 00:18:00,1.3483399999999999,1.34944,1.34787,1.3492600000000001,600,24,0
2026-04-23 00:19:00,1.34924,1.35036,1.34923,1.3501699999999999,585,24,0
2026-04-23 00:20:00,1.35016,1.35049,1.35002,1.35002,498,24,0
2026-04-23 00:21:00,1.35003,1.35011,1.3498299999999999,1.35003,309,24,0
2026-04-23 00:22:00,1.35003,1.35032,1.35,1.35026,283,24,0
2026-04-23 00:23:00,1.35026,1.35026,1.34973,1.34986,264,24,0
2026-04-23 00:24:00,1.34986,1.34994,1.3497,1.34976,153,24,0
2026-04-23 00:25:00,1.34976,1.35019,1.34976,1.35008,177,24,0
2026-04-23 00:26:00,1.35008,1.35023,1.35004,1.35015,158,24,0
2026-04-23 00:27:00,1.35015,1.35019,1.34977,1.34993,136,24,0
2026-04-23 00:28:00,1.34994,1.35033,1.34994,1.35029,178,24,0
2026-04-23 00:29:00,1.3503,1.35043,1.35022,1.35035,130,24,0
2026-04-23 00:30:00,1.35035,1.35072,1.35034,1.35059,155,24,0
2026-04-23 00:31:00,1.35057,1.3507799999999999,1.35033,1.35035,144,24,0
2026-04-23 00:32:00,1.35036,1.35056,1.35031,1.35042,153,24,0
2026-04-23 00:33:00,1.35043,1.35058,1.35043,1.35045,128,24,0
2026-04-23 00:34:00,1.35045,1.35063,1.35041,1.35062,118,24,0
2026-04-23 00:35:00,1.35062,1.35069,1.3504399999999999,1.35045,89,24,0
2026-04-23 00:36:00,1.35045,1.35073,1.35045,1.35066,82,24,0
2026-04-23 00:37:00,1.35066,1.35076,1.35065,1.35067,127,24,0
2026-04-23 00:38:00,1.35068,1.35071,1.35052,1.35052,102,24,0
2026-04-23 00:39:00,1.35053,1.35083,1.35053,1.3507500000000001,94,24,0
2026-04-23 00:40:00,1.35074,1.3507500000000001,1.3506,1.35065,82,24,0
2026-04-23 00:41:00,1.35065,1.35076,1.35054,1.35059,85,24,0
2026-04-23 00:42:00,1.35059,1.35066,1.3505099999999999,1.35058,73,24,0
2026-04-23 00:43:00,1.35056,1.35058,1.35038,1.35045,108,24,0
2026-04-23 00:44:00,1.35045,1.35055,1.35039,1.35053,93,24,0
2026-04-23 00:45:00,1.35053,1.35063,1.35043,1.35062,85,24,0
2026-04-23 00:46:00,1.35062,1.3508,1.35062,1.35067,114,24,0
2026-04-23 00:47:00,1.35069,1.35069,1.35043,1.3505,103,24,0
2026-04-23 00:48:00,1.35049,1.3505,1.35031,1.35034,122,24,0
2026-04-23 00:49:00,1.35035,1.3504,1.35028,1.35032,102,24,0
2026-04-23 00:50:00,1.35032,1.35043,1.35031,1.35035,128,24,0
2026-04-23 00:51:00,1.35034,1.35052,1.35032,1.3504800000000001,104,24,0
2026-04-23 00:52:00,1.35047,1.35064,1.3504399999999999,1.3505,154,24,0
2026-04-23 00:53:00,1.3505099999999999,1.35059,1.35045,1.3505099999999999,136,24,0
2026-04-23 00:54:00,1.3505099999999999,1.35077,1.35046,1.35074,174,24,0
2026-04-23 00:55:00,1.35074,1.35076,1.35065,1.3507,188,24,0
2026-04-23 00:56:00,1.35068,1.35077,1.35062,1.35074,104,24,0
2026-04-23 00:57:00,1.35074,1.3508200000000001,1.35071,1.35076,81,24,0
2026-04-23 00:58:00,1.35077,1.35091,1.35076,1.35077,70,24,0
2026-04-23 00:59:00,1.35076,1.35084,1.3506,1.35076,106,24,0
2026-04-23 01:00:00,1.3507500000000001,1.35093,1.35063,1.35076,169,24,0
2026-04-23 01:01:00,1.35076,1.35086,1.35065,1.35077,132,24,0
2026-04-23 01:02:00,1.3507500000000001,1.35087,1.35073,1.35076,115,24,0
2026-04-23 01:03:00,1.35076,1.35083,1.35072,1.3507500000000001,86,24,0
2026-04-23 01:04:00,1.35076,1.35076,1.35063,1.35066,87,24,0
2026-04-23 01:05:00,1.35066,1.35066,1.35055,1.3506,128,24,0
2026-04-23 01:06:00,1.35061,1.35063,1.35055,1.35061,93,24,0
2026-04-23 01:07:00,1.35061,1.35073,1.35052,1.35053,73,24,0
2026-04-23 01:08:00,1.35054,1.3506,1.35046,1.35057,120,24,0
2026-04-23 01:09:00,1.35056,1.35061,1.3504800000000001,1.35056,130,24,0
2026-04-23 01:10:00,1.35055,1.35065,1.3505099999999999,1.35055,103,24,0
2026-04-23 01:11:00,1.35055,1.35055,1.35027,1.35035,111,24,0
2026-04-23 01:12:00,1.35035,1.35054,1.35035,1.3504,89,24,0
2026-04-23 01:13:00,1.35039,1.35045,1.35033,1.35041,94,24,0
2026-04-23 01:14:00,1.35042,1.35042,1.35028,1.35036,101,24,0
2026-04-23 01:15:00,1.35036,1.35041,1.35028,1.35039,112,24,0
2026-04-23 01:16:00,1.35038,1.3504,1.35013,1.35016,101,24,0
2026-04-23 01:17:00,1.35016,1.35016,1.35011,1.35013,29,24,0
2026-04-23 01:18:00,1.35013,1.3502399999999999,1.35012,1.35016,111,24,0
2026-04-23 01:19:00,1.35016,1.35025,1.3501400000000001,1.35015,88,24,0
2026-04-23 01:20:00,1.35016,1.3502,1.35013,1.3501699999999999,87,24,0
2026-04-23 01:21:00,1.35018,1.35025,1.3501400000000001,1.35016,93,24,0
2026-04-23 01:22:00,1.35016,1.3501699999999999,1.3501,1.35012,69,24,0
2026-04-23 01:23:00,1.35013,1.3502,1.35005,1.35019,121,24,0
2026-04-23 01:24:00,1.35019,1.35027,1.3501400000000001,1.35018,128,24,0
2026-04-23 01:25:00,1.35019,1.35032,1.3501699999999999,1.35029,112,24,0
2026-04-23 01:26:00,1.35028,1.35046,1.3502399999999999,1.3504399999999999,133,24,0
2026-04-23 01:27:00,1.3504399999999999,1.35047,1.35043,1.3504399999999999,69,24,0
2026-04-23 01:28:00,1.3504399999999999,1.35046,1.35023,1.35023,83,24,0
2026-04-23 01:29:00,1.35023,1.35023,1.34993,1.34996,101,24,0
2026-04-23 01:30:00,1.34997,1.35019,1.34994,1.35019,155,24,0
2026-04-23 01:31:00,1.35015,1.35035,1.3501400000000001,1.3502399999999999,161,24,0
2026-04-23 01:32:00,1.3502399999999999,1.35027,1.35016,1.3501699999999999,82,24,0
2026-04-23 01:33:00,1.3502,1.3502100000000001,1.34999,1.35,94,24,0
2026-04-23 01:34:00,1.35001,1.35007,1.34997,1.35006,109,24,0
2026-04-23 01:35:00,1.35006,1.35023,1.35006,1.35015,84,24,0
2026-04-23 01:36:00,1.35015,1.3501699999999999,1.35005,1.35006,80,24,0
2026-04-23 01:37:00,1.35007,1.35013,1.34994,1.34994,74,24,0
2026-04-23 01:38:00,1.34994,1.34994,1.34985,1.3498700000000001,54,24,0
2026-04-23 01:39:00,1.34988,1.35006,1.34986,1.35005,99,24,0
2026-04-23 01:40:00,1.35005,1.35007,1.34997,1.35006,120,24,0
2026-04-23 01:41:00,1.35005,1.35029,1.35005,1.3502100000000001,122,24,0
2026-04-23 01:42:00,1.3502,1.35028,1.35018,1.35019,86,24,0
2026-04-23 01:43:00,1.35018,1.35025,1.3501400000000001,1.35022,88,24,0
2026-04-23 01:44:00,1.35022,1.35023,1.35012,1.3502100000000001,62,24,0
2026-04-23 01:45:00,1.3502100000000001,1.35036,1.35019,1.35034,51,24,0
2026-04-23 01:46:00,1.35035,1.35036,1.35025,1.35029,61,24,0
2026-04-23 01:47:00,1.35029,1.35031,1.35013,1.35015,66,24,0
2026-04-23 01:48:00,1.35016,1.3502100000000001,1.35013,1.35016,37,24,0
2026-04-23 01:49:00,1.35016,1.35022,1.3501400000000001,1.3502,96,24,0
2026-04-23 01:50:00,1.3502100000000001,1.35027,1.3501400000000001,1.35025,72,24,0
2026-04-23 01:51:00,1.35025,1.35027,1.34993,1.3501,100,24,0
2026-04-23 01:52:00,1.3501,1.35015,1.35004,1.35012,111,24,0
2026-04-23 01:53:00,1.35012,1.35012,1.34996,1.35,66,24,0
2026-04-23 01:54:00,1.35,1.35001,1.34984,1.34994,109,24,0
2026-04-23 01:55:00,1.34994,1.34999,1.34982,1.34991,100,24,0
2026-04-23 01:56:00,1.34991,1.34996,1.34985,1.3498999999999999,87,24,0
2026-04-23 01:57:00,1.3498999999999999,1.34994,1.34977,1.3498999999999999,104,24,0
2026-04-23 01:58:00,1.34989,1.34993,1.3498299999999999,1.34986,116,24,0
2026-04-23 01:59:00,1.34986,1.3498999999999999,1.34978,1.3498700000000001,118,24,0
2026-04-23 02:00:00,1.34986,1.34996,1.34985,1.34992,95,24,0
2026-04-23 02:01:00,1.34992,1.34996,1.3498,1.34981,87,24,0
2026-04-23 02:02:00,1.34981,1.3498700000000001,1.34976,1.34981,103,24,0
2026-04-23 02:03:00,1.34982,1.3498299999999999,1.34971,1.34972,74,24,0
2026-04-23 02:04:00,1.34972,1.34976,1.3495599999999999,1.34957,73,24,0
2026-04-23 02:05:00,1.34958,1.34962,1.34952,1.3495599999999999,69,24,0
2026-04-23 02:06:00,1.3495599999999999,1.34976,1.3495599999999999,1.34973,97,24,0
2026-04-23 02:07:00,1.34974,1.34984,1.34966,1.34968,86,24,0
2026-04-23 02:08:00,1.34968,1.34974,1.34964,1.34967,83,24,0
2026-04-23 02:09:00,1.34967,1.34967,1.34954,1.3495599999999999,74,24,0
2026-04-23 02:10:00,1.34957,1.34965,1.34954,1.3496299999999999,76,24,0
2026-04-23 02:11:00,1.3496299999999999,1.34965,1.34954,1.3495599999999999,42,24,0
2026-04-23 02:12:00,1.3495599999999999,1.34974,1.34955,1.34971,86,24,0
2026-04-23 02:13:00,1.34971,1.34973,1.34954,1.34957,73,24,0
2026-04-23 02:14:00,1.3495599999999999,1.3496299999999999,1.34947,1.34948,56,24,0
2026-04-23 02:15:00,1.34948,1.3495599999999999,1.34927,1.3495599999999999,163,24,0
2026-04-23 02:16:00,1.3495599999999999,1.34965,1.34954,1.3495599999999999,113,24,0
2026-04-23 02:17:00,1.3495599999999999,1.34964,1.34946,1.34954,96,24,0
2026-04-23 02:18:00,1.34955,1.3495599999999999,1.34947,1.34951,120,24,0
2026-04-23 02:19:00,1.34951,1.34961,1.34951,1.3496000000000001,68,24,0
2026-04-23 02:20:00,1.34961,1.34976,1.34959,1.34975,58,24,0
2026-04-23 02:21:00,1.34974,1.34979,1.34967,1.34977,66,24,0
2026-04-23 02:22:00,1.34977,1.34985,1.34969,1.34976,107,24,0
2026-04-23 02:23:00,1.34976,1.34976,1.34951,1.34966,98,24,0
2026-04-23 02:24:00,1.34966,1.3497,1.34957,1.3497,92,24,0
2026-04-23 02:25:00,1.34971,1.34981,1.34968,1.34974,80,24,0
2026-04-23 02:26:00,1.34974,1.34986,1.34974,1.34982,85,24,0
2026-04-23 02:27:00,1.34981,1.34981,1.34965,1.34972,104,24,0
2026-04-23 02:28:00,1.34972,1.34972,1.3495599999999999,1.34964,124,24,0
2026-04-23 02:29:00,1.34965,1.34967,1.34955,1.3495599999999999,114,24,0
2026-04-23 02:30:00,1.3495599999999999,1.34962,1.34946,1.34947,103,24,0
2026-04-23 02:31:00,1.34947,1.3495599999999999,1.34935,1.3495599999999999,85,24,0
2026-04-23 02:32:00,1.34957,1.34971,1.34949,1.34951,107,24,0
2026-04-23 02:33:00,1.34951,1.34957,1.34947,1.34952,119,24,0
2026-04-23 02:34:00,1.34952,1.34965,1.34949,1.3496000000000001,105,24,0
2026-04-23 02:35:00,1.34959,1.34968,1.34954,1.34967,75,24,0
2026-04-23 02:36:00,1.34967,1.34979,1.34967,1.34976,87,24,0
2026-04-23 02:37:00,1.34975,1.34976,1.3495599999999999,1.34957,103,24,0
2026-04-23 02:38:00,1.34958,1.3496299999999999,1.34954,1.34957,126,24,0
2026-04-23 02:39:00,1.34957,1.3496299999999999,1.34954,1.34961,92,24,0
2026-04-23 02:40:00,1.34962,1.34966,1.34957,1.34957,107,24,0
2026-04-23 02:41:00,1.34957,1.34962,1.34951,1.34955,82,24,0
2026-04-23 02:42:00,1.34955,1.34955,1.34939,1.3494,94,24,0
2026-04-23 02:43:00,1.3494,1.34946,1.3494,1.34945,71,24,0
2026-04-23 02:44:00,1.34945,1.34948,1.34942,1.34944,64,24,0
2026-04-23 02:45:00,1.34944,1.34947,1.34938,1.34946,53,24,0
2026-04-23 02:46:00,1.34946,1.34955,1.34943,1.34945,46,24,0
2026-04-23 02:47:00,1.34945,1.34947,1.34937,1.34942,39,24,0
2026-04-23 02:48:00,1.34941,1.34941,1.34933,1.34934,45,24,0
2026-04-23 02:49:00,1.34935,1.34938,1.34934,1.34935,50,24,0
2026-04-23 02:50:00,1.34935,1.34935,1.34916,1.34925,69,24,0
2026-04-23 02:51:00,1.34924,1.34928,1.34923,1.34927,45,24,0
2026-04-23 02:52:00,1.34927,1.34927,1.34915,1.3492600000000001,85,24,0
2026-04-23 02:53:00,1.3492600000000001,1.3492600000000001,1.34917,1.3492199999999999,87,24,0
2026-04-23 02:54:00,1.34923,1.34923,1.34872,1.34872,121,24,0
2026-04-23 02:55:00,1.34872,1.34874,1.34853,1.34856,192,24,0
2026-04-23 02:56:00,1.34857,1.3485800000000001,1.34843,1.34852,185,24,0
2026-04-23 02:57:00,1.34851,1.3487,1.34851,1.34867,157,24,0
2026-04-23 02:58:00,1.3486799999999999,1.34877,1.34866,1.34866,150,24,0
2026-04-23 02:59:00,1.34867,1.34867,1.3485800000000001,1.3486099999999999,96,24,0
2026-04-23 03:00:00,1.3486099999999999,1.34867,1.34847,1.34852,151,24,0
2026-04-23 03:01:00,1.34852,1.34867,1.3483399999999999,1.34862,127,24,0
2026-04-23 03:02:00,1.34862,1.34907,1.3486099999999999,1.34874,180,24,0
2026-04-23 03:03:00,1.34874,1.349,1.34874,1.34896,175,24,0
2026-04-23 03:04:00,1.34894,1.349,1.34882,1.3489200000000001,88,24,0
2026-04-23 03:05:00,1.3489200000000001,1.34894,1.34877,1.34877,61,24,0
2026-04-23 03:06:00,1.34877,1.34877,1.34863,1.3486500000000001,103,24,0
2026-04-23 03:07:00,1.3486500000000001,1.34873,1.3485800000000001,1.34863,90,24,0
2026-04-23 03:08:00,1.34863,1.34873,1.34857,1.3486500000000001,63,24,0
2026-04-23 03:09:00,1.3486500000000001,1.34867,1.34845,1.34846,117,24,0
2026-04-23 03:10:00,1.34845,1.34852,1.34842,1.34846,90,24,0
2026-04-23 03:11:00,1.34846,1.34852,1.34843,1.3485,66,24,0
2026-04-23 03:12:00,1.34849,1.34849,1.34828,1.34835,83,24,0
2026-04-23 03:13:00,1.3483399999999999,1.34837,1.34826,1.3483,71,24,0
2026-04-23 03:14:00,1.3483,1.34836,1.34824,1.34835,76,24,0
2026-04-23 03:15:00,1.34835,1.34845,1.34835,1.34844,74,24,0
2026-04-23 03:16:00,1.34843,1.34847,1.34835,1.34845,131,24,0
2026-04-23 03:17:00,1.34845,1.34849,1.3483399999999999,1.34835,91,24,0
2026-04-23 03:18:00,1.34835,1.3484099999999999,1.34833,1.3483800000000001,80,24,0
2026-04-23 03:19:00,1.3483800000000001,1.34846,1.34836,1.34845,49,24,0
2026-04-23 03:20:00,1.34844,1.34846,1.34825,1.3483399999999999,94,24,0
2026-04-23 03:21:00,1.3483399999999999,1.3484099999999999,1.3483399999999999,1.34835,85,24,0
2026-04-23 03:22:00,1.34835,1.3483800000000001,1.34827,1.3483800000000001,78,24,0
2026-04-23 03:23:00,1.3483800000000001,1.34843,1.34826,1.34826,92,24,0
2026-04-23 03:24:00,1.34826,1.34827,1.3482,1.34823,55,24,0
2026-04-23 03:25:00,1.34823,1.34836,1.34823,1.34828,94,24,0
2026-04-23 03:26:00,1.34828,1.34836,1.34823,1.34826,74,24,0
2026-04-23 03:27:00,1.34826,1.34839,1.34824,1.34835,77,24,0
2026-04-23 03:28:00,1.34835,1.34844,1.3483100000000001,1.34836,129,24,0
2026-04-23 03:29:00,1.34836,1.34851,1.34836,1.34845,50,24,0
2026-04-23 03:30:00,1.34844,1.34852,1.34835,1.34836,114,24,0
2026-04-23 03:31:00,1.34836,1.3485,1.34824,1.34844,98,24,0
2026-04-23 03:32:00,1.34844,1.34846,1.34835,1.34837,98,24,0
2026-04-23 03:33:00,1.34837,1.3484,1.3483,1.34836,43,24,0
2026-04-23 03:34:00,1.34836,1.34845,1.34835,1.34842,65,24,0
2026-04-23 03:35:00,1.3484099999999999,1.34848,1.34839,1.34846,69,24,0
2026-04-23 03:36:00,1.34845,1.34852,1.34837,1.34842,59,24,0
2026-04-23 03:37:00,1.34842,1.3485,1.34842,1.34844,41,24,0
2026-04-23 03:38:00,1.34844,1.34846,1.34843,1.34846,48,24,0
2026-04-23 03:39:00,1.34846,1.34847,1.3484,1.34842,47,24,0
2026-04-23 03:40:00,1.3484099999999999,1.34845,1.34833,1.3484099999999999,63,24,0
2026-04-23 03:41:00,1.3484099999999999,1.34847,1.3484,1.34844,30,24,0
2026-04-23 03:42:00,1.34843,1.34849,1.34839,1.34839,55,24,0
2026-04-23 03:43:00,1.34839,1.3484,1.34814,1.34815,49,24,0
2026-04-23 03:44:00,1.34815,1.34828,1.34815,1.34824,64,24,0
2026-04-23 03:45:00,1.34824,1.34829,1.34817,1.34824,98,24,0
2026-04-23 03:46:00,1.34825,1.34833,1.34819,1.34826,65,24,0
2026-04-23 03:47:00,1.34826,1.3483399999999999,1.34825,1.34829,70,24,0
2026-04-23 03:48:00,1.3483,1.3483399999999999,1.34827,1.34832,50,24,0
2026-04-23 03:49:00,1.34832,1.34837,1.34828,1.34835,55,24,0
2026-04-23 03:50:00,1.34837,1.3484099999999999,1.3483399999999999,1.3484,59,24,0
2026-04-23 03:51:00,1.34839,1.3484,1.34829,1.3484,65,24,0
2026-04-23 03:52:00,1.34839,1.34842,1.34835,1.3484099999999999,58,24,0
2026-04-23 03:53:00,1.3484099999999999,1.34843,1.3483399999999999,1.3484099999999999,62,24,0
2026-04-23 03:54:00,1.3484099999999999,1.34846,1.34837,1.34845,44,24,0
2026-04-23 03:55:00,1.34845,1.34853,1.34826,1.34827,118,24,0
2026-04-23 03:56:00,1.34827,1.3484,1.34826,1.34836,110,24,0
2026-04-23 03:57:00,1.34836,1.34846,1.34833,1.34846,65,24,0
2026-04-23 03:58:00,1.34845,1.3485,1.34833,1.3483399999999999,36,24,0
2026-04-23 03:59:00,1.3483399999999999,1.34846,1.3483100000000001,1.34844,43,24,0
2026-04-23 04:00:00,1.34844,1.34849,1.34836,1.34847,90,24,0
2026-04-23 04:01:00,1.34847,1.3485,1.34835,1.34837,66,24,0
2026-04-23 04:02:00,1.34837,1.34839,1.34828,1.3483399999999999,82,24,0
2026-04-23 04:03:00,1.34835,1.34843,1.34835,1.3483800000000001,35,24,0
2026-04-23 04:04:00,1.3483800000000001,1.3483800000000001,1.34833,1.34836,26,24,0
2026-04-23 04:05:00,1.34836,1.34839,1.34823,1.34823,42,24,0
2026-04-23 04:06:00,1.34824,1.34828,1.34821,1.34826,44,24,0
2026-04-23 04:07:00,1.34827,1.34832,1.34824,1.34832,73,24,0
2026-04-23 04:08:00,1.3483100000000001,1.34843,1.34828,1.34837,61,24,0
2026-04-23 04:09:00,1.34837,1.34843,1.34835,1.34836,55,24,0
2026-04-23 04:10:00,1.34836,1.3483800000000001,1.34827,1.34827,45,24,0
2026-04-23 04:11:00,1.34827,1.3483800000000001,1.34827,1.34837,18,24,0
2026-04-23 04:12:00,1.3483800000000001,1.34853,1.34837,1.34848,50,24,0
2026-04-23 04:13:00,1.34848,1.34852,1.34845,1.34846,33,24,0
2026-04-23 04:14:00,1.34847,1.34856,1.34846,1.34848,36,24,0
2026-04-23 04:15:00,1.34849,1.34857,1.34847,1.34853,40,24,0
2026-04-23 04:16:00,1.34852,1.34853,1.34847,1.34847,79,24,0
2026-04-23 04:17:00,1.34848,1.34853,1.34846,1.34848,39,24,0
2026-04-23 04:18:00,1.34849,1.3486,1.34848,1.3485800000000001,37,24,0
2026-04-23 04:19:00,1.3485800000000001,1.3486500000000001,1.34854,1.34859,38,24,0
2026-04-23 04:20:00,1.34859,1.3486,1.34857,1.34857,19,24,0
2026-04-23 04:21:00,1.34857,1.34866,1.34855,1.3486500000000001,78,24,0
2026-04-23 04:22:00,1.3486500000000001,1.3486799999999999,1.34862,1.34867,56,24,0
2026-04-23 04:23:00,1.34867,1.34873,1.34867,1.3486799999999999,62,24,0
2026-04-23 04:24:00,1.3486799999999999,1.3486799999999999,1.3486,1.3486099999999999,55,24,0
2026-04-23 04:25:00,1.34862,1.34867,1.34853,1.3486,100,24,0
2026-04-23 04:26:00,1.3486099999999999,1.34862,1.34856,1.3486,58,24,0
2026-04-23 04:27:00,1.3486,1.3486,1.34855,1.34857,102,24,0
2026-04-23 04:28:00,1.3485800000000001,1.3486500000000001,1.34857,1.34859,100,24,0
2026-04-23 04:29:00,1.3486,1.34862,1.34856,1.34857,106,24,0
2026-04-23 04:30:00,1.3485800000000001,1.34864,1.34856,1.34862,136,24,0
2026-04-23 04:31:00,1.34862,1.34867,1.3485800000000001,1.34867,71,24,0
2026-04-23 04:32:00,1.34866,1.34867,1.3486099999999999,1.34862,25,24,0
2026-04-23 04:33:00,1.3486099999999999,1.34867,1.3486099999999999,1.3486500000000001,66,24,0
2026-04-23 04:34:00,1.34866,1.34873,1.34866,1.34873,61,24,0
2026-04-23 04:35:00,1.34873,1.34877,1.34871,1.34876,54,24,0
2026-04-23 04:36:00,1.34875,1.34881,1.34874,1.34875,32,24,0
2026-04-23 04:37:00,1.34875,1.34875,1.3486799999999999,1.3487,51,24,0
2026-04-23 04:38:00,1.3487,1.34871,1.3486500000000001,1.34867,22,24,0
2026-04-23 04:39:00,1.34867,1.3486799999999999,1.34864,1.34867,29,24,0
2026-04-23 04:40:00,1.34866,1.34872,1.34866,1.3487,28,24,0
2026-04-23 04:41:00,1.34869,1.34874,1.3486500000000001,1.34872,62,24,0
2026-04-23 04:42:00,1.34872,1.34876,1.34869,1.34874,42,24,0
2026-04-23 04:43:00,1.34876,1.34878,1.34875,1.34878,36,24,0
2026-04-23 04:44:00,1.34877,1.34877,1.34869,1.34875,47,24,0
2026-04-23 04:45:00,1.34875,1.34877,1.3487,1.34872,42,24,0
2026-04-23 04:46:00,1.34872,1.34893,1.34871,1.34887,81,24,0
2026-04-23 04:47:00,1.34887,1.34888,1.34881,1.34883,59,24,0
2026-04-23 04:48:00,1.34882,1.34886,1.3488,1.34885,45,24,0
2026-04-23 04:49:00,1.34886,1.34888,1.34885,1.34886,31,24,0
2026-04-23 04:50:00,1.34886,1.34889,1.34883,1.34886,43,24,0
2026-04-23 04:51:00,1.34885,1.34893,1.34884,1.3489,46,24,0
2026-04-23 04:52:00,1.34889,1.34891,1.34883,1.34887,56,24,0
2026-04-23 04:53:00,1.34887,1.34896,1.34885,1.3489499999999999,60,24,0
2026-04-23 04:54:00,1.3489499999999999,1.34896,1.3489,1.34896,29,24,0
2026-04-23 04:55:00,1.3489499999999999,1.34896,1.34886,1.34888,43,24,0
2026-04-23 04:56:00,1.34889,1.34889,1.34885,1.34888,46,24,0
2026-04-23 04:57:00,1.34888,1.34894,1.34886,1.34891,87,24,0
2026-04-23 04:58:00,1.34891,1.34896,1.34887,1.34891,101,24,0
2026-04-23 04:59:00,1.3489,1.34896,1.3489,1.3489499999999999,32,24,0
2026-04-23 05:00:00,1.3489499999999999,1.3489499999999999,1.34883,1.34887,127,24,0
2026-04-23 05:01:00,1.34887,1.34901,1.34886,1.34898,48,24,0
2026-04-23 05:02:00,1.34898,1.34909,1.34898,1.3490199999999999,70,24,0
2026-04-23 05:03:00,1.34901,1.34901,1.3489200000000001,1.3489499999999999,59,24,0
2026-04-23 05:04:00,1.34896,1.34901,1.34891,1.34901,90,24,0
2026-04-23 05:05:00,1.349,1.34904,1.3489499999999999,1.34903,59,24,0
2026-04-23 05:06:00,1.34903,1.34907,1.34901,1.34905,27,24,0
2026-04-23 05:07:00,1.34905,1.34912,1.34905,1.34908,40,24,0
2026-04-23 05:08:00,1.34909,1.3491900000000001,1.34907,1.34918,39,24,0
2026-04-23 05:09:00,1.34918,1.34923,1.34914,1.34915,61,24,0
2026-04-23 05:10:00,1.34916,1.34916,1.34909,1.34914,58,24,0
2026-04-23 05:11:00,1.34913,1.34918,1.34907,1.34911,49,24,0
2026-04-23 05:12:00,1.34911,1.34912,1.34905,1.34911,31,24,0
2026-04-23 05:13:00,1.34911,1.34917,1.34907,1.34911,73,24,0
2026-04-23 05:14:00,1.34911,1.34914,1.34907,1.34907,37,24,0
2026-04-23 05:15:00,1.34907,1.34915,1.34907,1.34907,25,24,0
2026-04-23 05:16:00,1.34906,1.34906,1.34894,1.34897,55,24,0
2026-04-23 05:17:00,1.34897,1.3490199999999999,1.34896,1.349,81,24,0
2026-04-23 05:18:00,1.349,1.34901,1.3489499999999999,1.34896,31,24,0
2026-04-23 05:19:00,1.34896,1.3490199999999999,1.34894,1.34896,27,24,0
2026-04-23 05:20:00,1.3489499999999999,1.34897,1.34884,1.34885,48,24,0
2026-04-23 05:21:00,1.34885,1.34903,1.34884,1.3490199999999999,36,24,0
2026-04-23 05:22:00,1.3490199999999999,1.34904,1.3489900000000001,1.34903,22,24,0
2026-04-23 05:23:00,1.34903,1.34904,1.3489900000000001,1.34903,12,24,0
2026-04-23 05:24:00,1.34903,1.34904,1.3489900000000001,1.349,24,24,0
2026-04-23 05:25:00,1.3489900000000001,1.3489900000000001,1.34887,1.34893,39,24,0
2026-04-23 05:26:00,1.34893,1.34896,1.34886,1.34887,54,24,0
2026-04-23 05:27:00,1.34887,1.34891,1.34879,1.34881,52,24,0
2026-04-23 05:28:00,1.3488,1.34893,1.3488,1.34886,35,24,0
2026-04-23 05:29:00,1.34887,1.34888,1.34884,1.34885,22,24,0
2026-04-23 05:30:00,1.34885,1.34886,1.3486799999999999,1.34883,83,24,0
2026-04-23 05:31:00,1.34884,1.34891,1.34883,1.34887,58,24,0
2026-04-23 05:32:00,1.34887,1.34893,1.34885,1.34888,48,24,0
2026-04-23 05:33:00,1.34887,1.3489900000000001,1.3488,1.3488,52,24,0
2026-04-23 05:34:00,1.3488,1.34885,1.3488,1.34883,39,24,0
2026-04-23 05:35:00,1.34883,1.34883,1.34876,1.34878,43,24,0
2026-04-23 05:36:00,1.34877,1.34878,1.34873,1.34875,30,24,0
2026-04-23 05:37:00,1.34875,1.34886,1.34875,1.34885,36,24,0
2026-04-23 05:38:00,1.34885,1.34889,1.34875,1.34889,48,24,0
2026-04-23 05:39:00,1.34889,1.34889,1.34869,1.34873,91,24,0
2026-04-23 05:40:00,1.34871,1.34884,1.34866,1.34877,98,24,0
2026-04-23 05:41:00,1.34879,1.34886,1.34873,1.34883,75,24,0
2026-04-23 05:42:00,1.34884,1.34884,1.34871,1.34875,139,24,0
2026-04-23 05:43:00,1.34875,1.34884,1.34871,1.34874,141,24,0
2026-04-23 05:44:00,1.34874,1.34879,1.34869,1.34871,56,24,0
2026-04-23 05:45:00,1.34871,1.3488,1.3487,1.34879,57,24,0
2026-04-23 05:46:00,1.34879,1.34887,1.34879,1.34884,51,24,0
2026-04-23 05:47:00,1.34884,1.3489200000000001,1.34884,1.34887,39,24,0
2026-04-23 05:48:00,1.3489200000000001,1.3489900000000001,1.34886,1.34886,94,24,0
2026-04-23 05:49:00,1.34887,1.34896,1.34886,1.34896,33,24,0
2026-04-23 05:50:00,1.3489499999999999,1.34907,1.34894,1.34907,44,24,0
2026-04-23 05:51:00,1.34907,1.34914,1.34897,1.34913,53,24,0
2026-04-23 05:52:00,1.34913,1.34925,1.34905,1.34924,86,24,0
2026-04-23 05:53:00,1.34924,1.34924,1.34903,1.34905,40,24,0
2026-04-23 05:54:00,1.34904,1.34905,1.34894,1.3489499999999999,49,24,0
2026-04-23 05:55:00,1.3489499999999999,1.34915,1.3489499999999999,1.34914,74,24,0
2026-04-23 05:56:00,1.34915,1.34925,1.3491,1.34914,92,24,0
2026-04-23 05:57:00,1.34914,1.34915,1.34904,1.3491,70,24,0
2026-04-23 05:58:00,1.34909,1.34915,1.34906,1.34914,58,24,0
2026-04-23 05:59:00,1.34915,1.34928,1.34915,1.34928,58,24,0
2026-04-23 06:00:00,1.3492899999999999,1.3492899999999999,1.34878,1.34893,127,24,0
2026-04-23 06:01:00,1.34893,1.34924,1.34891,1.3492199999999999,62,24,0
2026-04-23 06:02:00,1.3492199999999999,1.3492600000000001,1.34914,1.34917,70,24,0
2026-04-23 06:03:00,1.34917,1.34933,1.34916,1.3492199999999999,52,24,0
2026-04-23 06:04:00,1.3492199999999999,1.3492899999999999,1.34897,1.3489900000000001,88,24,0
2026-04-23 06:05:00,1.3489900000000001,1.34913,1.3489499999999999,1.3489900000000001,102,24,0
2026-04-23 06:06:00,1.3489900000000001,1.3492,1.34897,1.3492,48,24,0
2026-04-23 06:07:00,1.3491900000000001,1.3491900000000001,1.34913,1.34916,25,24,0
2026-04-23 06:08:00,1.34916,1.34925,1.34915,1.34917,51,24,0
2026-04-23 06:09:00,1.34916,1.34917,1.34897,1.34897,32,24,0
2026-04-23 06:10:00,1.34897,1.34908,1.34894,1.34903,79,24,0
2026-04-23 06:11:00,1.3490199999999999,1.34906,1.34893,1.34905,52,24,0
2026-04-23 06:12:00,1.34905,1.34908,1.34891,1.34893,61,24,0
2026-04-23 06:13:00,1.3489200000000001,1.34897,1.34881,1.34887,87,24,0
2026-04-23 06:14:00,1.34886,1.3489,1.34874,1.34888,74,24,0
2026-04-23 06:15:00,1.34889,1.34896,1.34884,1.34896,72,24,0
2026-04-23 06:16:00,1.3489499999999999,1.3489499999999999,1.34878,1.34881,58,24,0
2026-04-23 06:17:00,1.34882,1.3490199999999999,1.34882,1.34896,70,24,0
2026-04-23 06:18:00,1.34896,1.3489900000000001,1.34887,1.34893,92,24,0
2026-04-23 06:19:00,1.34893,1.34893,1.34875,1.34877,81,24,0
2026-04-23 06:20:00,1.34877,1.34879,1.34864,1.34873,56,24,0
2026-04-23 06:21:00,1.34873,1.34877,1.34864,1.34877,72,24,0
2026-04-23 06:22:00,1.34876,1.34883,1.34874,1.34877,109,24,0
2026-04-23 06:23:00,1.34877,1.34881,1.34873,1.34875,37,24,0
2026-04-23 06:24:00,1.34876,1.34896,1.34876,1.34888,70,24,0
2026-04-23 06:25:00,1.34887,1.34888,1.34874,1.34879,80,24,0
2026-04-23 06:26:00,1.34879,1.34887,1.34876,1.34876,64,24,0
2026-04-23 06:27:00,1.34876,1.34877,1.34866,1.34867,44,24,0
2026-04-23 06:28:00,1.3486799999999999,1.34876,1.3486500000000001,1.34869,85,24,0
2026-04-23 06:29:00,1.34869,1.34878,1.3486500000000001,1.34869,116,24,0
2026-04-23 06:30:00,1.3487,1.34876,1.34866,1.34873,68,24,0
2026-04-23 06:31:00,1.34873,1.34889,1.34873,1.3488,73,24,0
2026-04-23 06:32:00,1.3488,1.34898,1.34874,1.34897,85,24,0
2026-04-23 06:33:00,1.34897,1.34906,1.34894,1.34906,40,24,0
2026-04-23 06:34:00,1.34906,1.3491,1.34896,1.34903,64,24,0
2026-04-23 06:35:00,1.34903,1.34916,1.34903,1.34915,113,24,0
2026-04-23 06:36:00,1.34915,1.34928,1.34905,1.3492600000000001,67,24,0
2026-04-23 06:37:00,1.3492600000000001,1.3493,1.34917,1.3492600000000001,102,24,0
2026-04-23 06:38:00,1.34927,1.34958,1.3492600000000001,1.34955,92,24,0
2026-04-23 06:39:00,1.34955,1.34961,1.34946,1.34951,82,24,0
2026-04-23 06:40:00,1.34952,1.34958,1.34937,1.34939,109,24,0
2026-04-23 06:41:00,1.34939,1.34952,1.34936,1.34947,66,24,0
2026-04-23 06:42:00,1.34947,1.34947,1.3492600000000001,1.34927,112,24,0
2026-04-23 06:43:00,1.34927,1.34934,1.34924,1.34931,90,24,0
2026-04-23 06:44:00,1.34931,1.34939,1.34925,1.34937,69,24,0
2026-04-23 06:45:00,1.34937,1.34942,1.3492899999999999,1.3493,67,24,0
2026-04-23 06:46:00,1.3493,1.3494,1.3493,1.34939,65,24,0
2026-04-23 06:47:00,1.34938,1.34938,1.34927,1.34936,35,24,0
2026-04-23 06:48:00,1.34936,1.34948,1.34923,1.34925,63,24,0
2026-04-23 06:49:00,1.34925,1.34932,1.3491,1.3491,91,24,0
2026-04-23 06:50:00,1.3491,1.34918,1.34904,1.34917,57,24,0
2026-04-23 06:51:00,1.34917,1.34924,1.34907,1.3492,65,24,0
2026-04-23 06:52:00,1.3492,1.34944,1.34914,1.3494,78,24,0
2026-04-23 06:53:00,1.34941,1.34944,1.34924,1.34939,72,24,0
2026-04-23 06:54:00,1.34939,1.34951,1.34939,1.34951,45,24,0
2026-04-23 06:55:00,1.3495300000000001,1.34959,1.34945,1.34951,79,24,0
2026-04-23 06:56:00,1.34951,1.34951,1.34924,1.34925,81,24,0
2026-04-23 06:57:00,1.34925,1.3494,1.34924,1.34934,105,24,0
2026-04-23 06:58:00,1.34934,1.34937,1.3492600000000001,1.34927,36,24,0
2026-04-23 06:59:00,1.34927,1.3492899999999999,1.34906,1.34907,117,24,0
2026-04-23 07:00:00,1.3491,1.34914,1.34884,1.34888,129,24,0
2026-04-23 07:01:00,1.34888,1.34908,1.34886,1.3489,158,24,0
2026-04-23 07:02:00,1.3489200000000001,1.34905,1.34891,1.3489499999999999,116,24,0
2026-04-23 07:03:00,1.3489499999999999,1.34897,1.34873,1.34886,87,24,0
2026-04-23 07:04:00,1.34885,1.349,1.34884,1.34898,62,24,0
2026-04-23 07:05:00,1.34898,1.34923,1.34898,1.34916,104,24,0
2026-04-23 07:06:00,1.34917,1.34961,1.34911,1.34959,196,24,0
2026-04-23 07:07:00,1.34957,1.34989,1.3495300000000001,1.34969,184,24,0
2026-04-23 07:08:00,1.34969,1.34978,1.34944,1.34945,172,24,0
2026-04-23 07:09:00,1.34945,1.34952,1.34932,1.34945,135,24,0
2026-04-23 07:10:00,1.34945,1.34962,1.34936,1.34947,90,24,0
2026-04-23 07:11:00,1.34947,1.3495300000000001,1.34938,1.34938,81,24,0
2026-04-23 07:12:00,1.34938,1.34949,1.34924,1.34925,89,24,0
2026-04-23 07:13:00,1.3492600000000001,1.3492600000000001,1.34906,1.34909,97,24,0
2026-04-23 07:14:00,1.34908,1.3491900000000001,1.34904,1.3491900000000001,92,24,0
2026-04-23 07:15:00,1.34916,1.34933,1.34906,1.34925,148,24,0
2026-04-23 07:16:00,1.34925,1.34928,1.34908,1.34924,79,24,0
2026-04-23 07:17:00,1.34924,1.34948,1.34924,1.34939,98,24,0
2026-04-23 07:18:00,1.3494,1.34948,1.3492600000000001,1.34938,142,24,0
2026-04-23 07:19:00,1.34937,1.34938,1.34904,1.34904,128,24,0
2026-04-23 07:20:00,1.34904,1.34908,1.34893,1.34893,83,24,0
2026-04-23 07:21:00,1.34893,1.34894,1.34882,1.34888,167,24,0
2026-04-23 07:22:00,1.34888,1.3489900000000001,1.34887,1.34893,152,24,0
2026-04-23 07:23:00,1.3489200000000001,1.34897,1.34877,1.34897,136,24,0
2026-04-23 07:24:00,1.34897,1.3489900000000001,1.34888,1.34888,76,24,0
2026-04-23 07:25:00,1.34886,1.34893,1.34876,1.34887,108,24,0
2026-04-23 07:26:00,1.34887,1.3489200000000001,1.34885,1.34887,107,24,0
2026-04-23 07:27:00,1.34886,1.34905,1.34886,1.34903,38,24,0
2026-04-23 07:28:00,1.34903,1.34906,1.34893,1.3489499999999999,68,24,0
2026-04-23 07:29:00,1.3489499999999999,1.34901,1.34888,1.34894,86,24,0
2026-04-23 07:30:00,1.34893,1.34893,1.34864,1.34874,242,24,0
2026-04-23 07:31:00,1.34874,1.34878,1.34837,1.34842,185,24,0
2026-04-23 07:32:00,1.34843,1.3486099999999999,1.34842,1.3485,131,24,0
2026-04-23 07:33:00,1.3485,1.3485,1.34812,1.34814,98,24,0
2026-04-23 07:34:00,1.34815,1.34837,1.34814,1.34833,99,24,0
2026-04-23 07:35:00,1.34833,1.3486500000000001,1.34827,1.34856,149,24,0
2026-04-23 07:36:00,1.34856,1.34864,1.3484099999999999,1.34846,98,24,0
2026-04-23 07:37:00,1.34846,1.34848,1.34825,1.34826,93,24,0
2026-04-23 07:38:00,1.34827,1.34847,1.34825,1.34842,76,24,0
2026-04-23 07:39:00,1.34842,1.34843,1.34823,1.34824,82,24,0
2026-04-23 07:40:00,1.34823,1.34827,1.34814,1.34823,87,24,0
2026-04-23 07:41:00,1.34823,1.34827,1.34809,1.3481,82,24,0
2026-04-23 07:42:00,1.3481,1.34817,1.34803,1.34816,110,24,0
2026-04-23 07:43:00,1.34816,1.3482,1.34808,1.34817,84,24,0
2026-04-23 07:44:00,1.34817,1.34826,1.34815,1.3482,77,24,0
2026-04-23 07:45:00,1.3482,1.34844,1.3482,1.34833,104,24,0
2026-04-23 07:46:00,1.34833,1.3483399999999999,1.34821,1.34833,79,24,0
2026-04-23 07:47:00,1.34833,1.3484,1.34827,1.34837,88,24,0
2026-04-23 07:48:00,1.34837,1.34863,1.34833,1.34863,118,24,0
2026-04-23 07:49:00,1.34863,1.34873,1.34853,1.3486799999999999,116,24,0
2026-04-23 07:50:00,1.3486799999999999,1.34884,1.34866,1.34876,100,24,0
2026-04-23 07:51:00,1.34876,1.34877,1.34855,1.34862,188,24,0
2026-04-23 07:52:00,1.34863,1.3486500000000001,1.34844,1.34846,129,24,0
2026-04-23 07:53:00,1.34845,1.3486,1.34843,1.34849,104,24,0
2026-04-23 07:54:00,1.34849,1.34866,1.34844,1.34844,101,24,0
2026-04-23 07:55:00,1.34844,1.34859,1.34844,1.34853,106,24,0
2026-04-23 07:56:00,1.34853,1.34867,1.3485,1.34855,125,24,0
2026-04-23 07:57:00,1.34856,1.34859,1.34847,1.34851,108,24,0
2026-04-23 07:58:00,1.34851,1.34872,1.3485,1.34859,156,24,0
2026-04-23 07:59:00,1.34859,1.34886,1.34859,1.34881,158,24,0
2026-04-23 08:00:00,1.3488,1.34903,1.34878,1.349,145,24,0
2026-04-23 08:01:00,1.3489900000000001,1.3490199999999999,1.34872,1.34872,134,24,0
2026-04-23 08:02:00,1.34873,1.34882,1.34844,1.34855,216,24,0
2026-04-23 08:03:00,1.34856,1.3486500000000001,1.34852,1.34862,117,24,0
2026-04-23 08:04:00,1.34862,1.34869,1.34855,1.34862,114,24,0
2026-04-23 08:05:00,1.34862,1.34877,1.34856,1.34866,105,24,0
2026-04-23 08:06:00,1.34864,1.34874,1.3485800000000001,1.34873,107,24,0
2026-04-23 08:07:00,1.34871,1.34873,1.34856,1.34866,108,24,0
2026-04-23 08:08:00,1.34866,1.34866,1.34853,1.34857,113,24,0
2026-04-23 08:09:00,1.34856,1.3486099999999999,1.34851,1.3485800000000001,75,24,0
2026-04-23 08:10:00,1.3485800000000001,1.3488,1.3485800000000001,1.34869,173,24,0
2026-04-23 08:11:00,1.34869,1.34875,1.34863,1.34866,131,24,0
2026-04-23 08:12:00,1.34867,1.34867,1.34856,1.3486,125,24,0
2026-04-23 08:13:00,1.3486099999999999,1.34872,1.34857,1.34866,132,24,0
2026-04-23 08:14:00,1.34867,1.34869,1.34856,1.3485800000000001,98,24,0
2026-04-23 08:15:00,1.3485800000000001,1.34869,1.34853,1.3486500000000001,79,24,0
2026-04-23 08:16:00,1.3486500000000001,1.34885,1.3486500000000001,1.34869,155,24,0
2026-04-23 08:17:00,1.34869,1.34869,1.34854,1.3486500000000001,72,24,0
2026-04-23 08:18:00,1.3486500000000001,1.34869,1.34857,1.3485800000000001,75,24,0
2026-04-23 08:19:00,1.34857,1.3486799999999999,1.34854,1.34866,101,24,0
2026-04-23 08:20:00,1.34867,1.34872,1.34857,1.34863,101,24,0
2026-04-23 08:21:00,1.34864,1.34876,1.34862,1.3486500000000001,81,24,0
2026-04-23 08:22:00,1.3486500000000001,1.34866,1.3485800000000001,1.3486099999999999,62,24,0
2026-04-23 08:23:00,1.3486099999999999,1.3486500000000001,1.34856,1.34864,96,24,0
2026-04-23 08:24:00,1.34863,1.3486799999999999,1.34855,1.3485800000000001,117,24,0
2026-04-23 08:25:00,1.34857,1.3485800000000001,1.34851,1.34853,59,24,0
2026-04-23 08:26:00,1.34853,1.34881,1.34852,1.34877,140,24,0
2026-04-23 08:27:00,1.34877,1.3489,1.34876,1.3488,40,24,0
2026-04-23 08:28:00,1.3488,1.3489499999999999,1.34874,1.34881,75,24,0
2026-04-23 08:29:00,1.34881,1.34884,1.3487,1.34877,185,24,0
2026-04-23 08:30:00,1.34878,1.35007,1.34878,1.34927,298,24,0
2026-04-23 08:31:00,1.34928,1.3495,1.3492,1.34931,185,24,0
2026-04-23 08:32:00,1.34932,1.34949,1.3492199999999999,1.3492600000000001,207,24,0
2026-04-23 08:33:00,1.3492600000000001,1.34991,1.3492,1.34991,234,24,0
2026-04-23 08:34:00,1.34991,1.34994,1.34964,1.34974,128,24,0
2026-04-23 08:35:00,1.34975,1.34992,1.34968,1.34978,91,24,0
2026-04-23 08:36:00,1.34978,1.35007,1.34972,1.34978,201,24,0
2026-04-23 08:37:00,1.34978,1.34982,1.34945,1.34955,137,24,0
2026-04-23 08:38:00,1.34955,1.34993,1.34954,1.34992,130,24,0
2026-04-23 08:39:00,1.34991,1.34994,1.34964,1.34976,128,24,0
2026-04-23 08:40:00,1.34975,1.3498299999999999,1.3496299999999999,1.34968,124,24,0
2026-04-23 08:41:00,1.34968,1.35007,1.34965,1.35005,144,24,0
2026-04-23 08:42:00,1.35005,1.35046,1.35004,1.35035,146,24,0
2026-04-23 08:43:00,1.35036,1.35039,1.34994,1.34997,125,24,0
2026-04-23 08:44:00,1.34996,1.35,1.34986,1.34995,75,24,0
2026-04-23 08:45:00,1.34995,1.35007,1.34994,1.35006,124,24,0
2026-04-23 08:46:00,1.35008,1.35052,1.35005,1.35043,121,24,0
2026-04-23 08:47:00,1.35043,1.35047,1.35023,1.35031,150,24,0
2026-04-23 08:48:00,1.35032,1.35042,1.3502100000000001,1.35042,130,24,0
2026-04-23 08:49:00,1.35042,1.35055,1.35025,1.35053,92,24,0
2026-04-23 08:50:00,1.35053,1.35066,1.35053,1.35055,148,24,0
2026-04-23 08:51:00,1.35056,1.35059,1.35038,1.3504,125,24,0
2026-04-23 08:52:00,1.3504,1.3505099999999999,1.35028,1.3505099999999999,138,24,0
2026-04-23 08:53:00,1.35052,1.35058,1.35045,1.35046,88,24,0
2026-04-23 08:54:00,1.35046,1.3504800000000001,1.35032,1.35033,98,24,0
2026-04-23 08:55:00,1.35033,1.35058,1.35033,1.35047,133,24,0
2026-04-23 08:56:00,1.35046,1.35054,1.3504,1.35046,142,24,0
2026-04-23 08:57:00,1.35045,1.35055,1.35036,1.35047,138,24,0
2026-04-23 08:58:00,1.35047,1.35053,1.35037,1.35042,101,24,0
2026-04-23 08:59:00,1.35043,1.35052,1.35035,1.35035,139,24,0
2026-04-23 09:00:00,1.35034,1.35037,1.35022,1.35026,186,24,0
2026-04-23 09:01:00,1.35025,1.3504,1.35022,1.35027,147,24,0
2026-04-23 09:02:00,1.35026,1.35027,1.35012,1.35016,131,24,0
2026-04-23 09:03:00,1.35015,1.35015,1.34979,1.34979,181,24,0
2026-04-23 09:04:00,1.3498299999999999,1.34994,1.34955,1.34966,116,24,0
2026-04-23 09:05:00,1.34966,1.34974,1.34954,1.34964,145,24,0
2026-04-23 09:06:00,1.34964,1.34968,1.3495599999999999,1.34965,84,24,0
2026-04-23 09:07:00,1.34965,1.34965,1.34944,1.34948,125,24,0
2026-04-23 09:08:00,1.34948,1.34954,1.34927,1.3493,156,24,0
2026-04-23 09:09:00,1.3493,1.34931,1.34917,1.34917,139,24,0
2026-04-23 09:10:00,1.34917,1.34931,1.34917,1.3492600000000001,95,24,0
2026-04-23 09:11:00,1.3492600000000001,1.34937,1.34918,1.34918,99,24,0
2026-04-23 09:12:00,1.34918,1.34927,1.34913,1.3492199999999999,88,24,0
2026-04-23 09:13:00,1.3492199999999999,1.3493,1.34909,1.3491,102,24,0
2026-04-23 09:14:00,1.3491,1.3491900000000001,1.34905,1.34914,131,24,0
2026-04-23 09:15:00,1.34914,1.34928,1.3491,1.3492600000000001,117,24,0
2026-04-23 09:16:00,1.3492600000000001,1.34932,1.34907,1.3493,131,24,0
2026-04-23 09:17:00,1.3492899999999999,1.34975,1.3492899999999999,1.34971,219,24,0
2026-04-23 09:18:00,1.34971,1.35038,1.34971,1.35034,217,24,0
2026-04-23 09:19:00,1.35035,1.35039,1.35013,1.3502399999999999,204,24,0
2026-04-23 09:20:00,1.3502399999999999,1.35038,1.35016,1.35026,133,24,0
2026-04-23 09:21:00,1.35026,1.35027,1.35003,1.35013,108,24,0
2026-04-23 09:22:00,1.35012,1.3501400000000001,1.34999,1.35,81,24,0
2026-04-23 09:23:00,1.34999,1.34999,1.34979,1.3498700000000001,112,24,0
2026-04-23 09:24:00,1.3498700000000001,1.35002,1.34979,1.35001,77,24,0
2026-04-23 09:25:00,1.35002,1.35009,1.34999,1.35005,117,24,0
2026-04-23 09:26:00,1.35005,1.35009,1.35002,1.35007,95,24,0
2026-04-23 09:27:00,1.35006,1.35018,1.35005,1.35006,82,24,0
2026-04-23 09:28:00,1.35005,1.3501400000000001,1.35003,1.35003,98,24,0
2026-04-23 09:29:00,1.35003,1.35006,1.34982,1.35006,122,24,0
2026-04-23 09:30:00,1.35007,1.35023,1.35007,1.3501699999999999,76,24,0
2026-04-23 09:31:00,1.3501699999999999,1.3502100000000001,1.35006,1.35007,126,24,0
2026-04-23 09:32:00,1.35008,1.3502399999999999,1.35005,1.35006,98,24,0
2026-04-23 09:33:00,1.35006,1.35018,1.35004,1.3501,144,24,0
2026-04-23 09:34:00,1.35009,1.35018,1.35008,1.35015,107,24,0
2026-04-23 09:35:00,1.3501400000000001,1.35018,1.3501,1.3501699999999999,79,24,0
2026-04-23 09:36:00,1.35016,1.35042,1.35008,1.35032,131,24,0
2026-04-23 09:37:00,1.35033,1.35034,1.35009,1.3501,96,24,0
2026-04-23 09:38:00,1.35011,1.35015,1.34995,1.35005,112,24,0
2026-04-23 09:39:00,1.35006,1.35006,1.34995,1.34998,106,24,0
2026-04-23 09:40:00,1.34998,1.35022,1.34997,1.35004,126,24,0
2026-04-23 09:41:00,1.35004,1.3502100000000001,1.34997,1.35018,106,24,0
2026-04-23 09:42:00,1.35018,1.3505099999999999,1.3501400000000001,1.35046,136,24,0
2026-04-23 09:43:00,1.35046,1.35066,1.35045,1.35057,88,24,0
2026-04-23 09:44:00,1.35057,1.35058,1.35047,1.35058,138,24,0
2026-04-23 09:45:00,1.35058,1.35064,1.35046,1.3504800000000001,87,24,0
2026-04-23 09:46:00,1.3504800000000001,1.3505099999999999,1.35026,1.35027,110,24,0
2026-04-23 09:47:00,1.35028,1.3503,1.35007,1.35015,164,24,0
2026-04-23 09:48:00,1.35015,1.35016,1.35003,1.35009,121,24,0
2026-04-23 09:49:00,1.35009,1.35016,1.35,1.35005,113,24,0
2026-04-23 09:50:00,1.35005,1.35022,1.34999,1.35022,166,24,0
2026-04-23 09:51:00,1.35022,1.35022,1.3498999999999999,1.35,144,24,0
2026-04-23 09:52:00,1.35,1.35011,1.34996,1.35009,123,24,0
2026-04-23 09:53:00,1.3501,1.3502399999999999,1.3501,1.3501699999999999,110,24,0
2026-04-23 09:54:00,1.3501699999999999,1.35032,1.35013,1.35013,130,24,0
2026-04-23 09:55:00,1.35013,1.35026,1.3501,1.3501699999999999,126,24,0
2026-04-23 09:56:00,1.3501699999999999,1.35032,1.3501400000000001,1.35028,98,24,0
2026-04-23 09:57:00,1.35028,1.35029,1.35005,1.35016,151,24,0
2026-04-23 09:58:00,1.35015,1.35016,1.3498700000000001,1.34988,169,24,0
2026-04-23 09:59:00,1.3498700000000001,1.34997,1.34984,1.34991,105,24,0
2026-04-23 10:00:00,1.34991,1.3501400000000001,1.34973,1.35006,187,24,0
2026-04-23 10:01:00,1.35006,1.35029,1.35003,1.35009,190,24,0
2026-04-23 10:02:00,1.35008,1.3502,1.35002,1.35004,120,24,0
2026-04-23 10:03:00,1.35003,1.35012,1.35,1.35007,115,24,0
2026-04-23 10:04:00,1.35007,1.3502,1.34992,1.34996,160,24,0
2026-04-23 10:05:00,1.34994,1.35008,1.34988,1.35006,107,24,0
2026-04-23 10:06:00,1.35006,1.35006,1.34986,1.34991,69,24,0
2026-04-23 10:07:00,1.34991,1.35,1.34984,1.34986,94,24,0
2026-04-23 10:08:00,1.34985,1.34986,1.34959,1.3496299999999999,78,24,0
2026-04-23 10:09:00,1.34962,1.34971,1.34936,1.34946,154,24,0
2026-04-23 10:10:00,1.34945,1.34946,1.34934,1.34944,105,24,0
2026-04-23 10:11:00,1.34944,1.34949,1.34937,1.34939,95,24,0
2026-04-23 10:12:00,1.34938,1.34948,1.34935,1.34945,136,24,0
2026-04-23 10:13:00,1.34945,1.34946,1.34905,1.34905,101,24,0
2026-04-23 10:14:00,1.34905,1.3492600000000001,1.34905,1.3491900000000001,104,24,0
2026-04-23 10:15:00,1.3491900000000001,1.34928,1.34918,1.3491900000000001,55,24,0
2026-04-23 10:16:00,1.34918,1.34925,1.34904,1.34913,90,24,0
2026-04-23 10:17:00,1.34913,1.34914,1.34893,1.34896,134,24,0
2026-04-23 10:18:00,1.3489499999999999,1.34913,1.34894,1.34908,153,24,0
2026-04-23 10:19:00,1.34907,1.34908,1.3489499999999999,1.3489900000000001,146,24,0
2026-04-23 10:20:00,1.3489900000000001,1.3491,1.3489900000000001,1.34907,93,24,0
2026-04-23 10:21:00,1.34906,1.34924,1.34906,1.34921,125,24,0
2026-04-23 10:22:00,1.3492199999999999,1.34931,1.34911,1.3491900000000001,125,24,0
2026-04-23 10:23:00,1.3491900000000001,1.34936,1.34915,1.34931,115,24,0
2026-04-23 10:24:00,1.34931,1.34933,1.34921,1.3493,126,24,0
2026-04-23 10:25:00,1.3492899999999999,1.34936,1.34925,1.34932,76,24,0
2026-04-23 10:26:00,1.34931,1.34941,1.34928,1.34941,106,24,0
2026-04-23 10:27:00,1.34941,1.34958,1.34935,1.34946,77,24,0
2026-04-23 10:28:00,1.34946,1.3497,1.34946,1.34967,53,24,0
2026-04-23 10:29:00,1.34967,1.34967,1.34945,1.34958,86,24,0
2026-04-23 10:30:00,1.34957,1.34968,1.34947,1.34955,84,24,0
2026-04-23 10:31:00,1.3495599999999999,1.34966,1.34939,1.3494,67,24,0
2026-04-23 10:32:00,1.3494,1.34958,1.34939,1.34949,64,24,0
2026-04-23 10:33:00,1.34948,1.34957,1.34942,1.3495599999999999,49,24,0
2026-04-23 10:34:00,1.3495599999999999,1.34976,1.3495599999999999,1.34969,93,24,0
2026-04-23 10:35:00,1.34968,1.3497,1.34957,1.34957,83,24,0
2026-04-23 10:36:00,1.34957,1.34958,1.34944,1.34945,78,24,0
2026-04-23 10:37:00,1.34945,1.34958,1.34944,1.34955,84,24,0
2026-04-23 10:38:00,1.34955,1.3495599999999999,1.34938,1.34944,78,24,0
2026-04-23 10:39:00,1.34944,1.34948,1.34941,1.34945,65,24,0
2026-04-23 10:40:00,1.34946,1.34954,1.34931,1.34931,90,24,0
2026-04-23 10:41:00,1.34932,1.34937,1.3491900000000001,1.34927,110,24,0
2026-04-23 10:42:00,1.34927,1.3494,1.34927,1.34933,85,24,0
2026-04-23 10:43:00,1.34933,1.34933,1.34914,1.3492,98,24,0
2026-04-23 10:44:00,1.3492,1.3492,1.34904,1.34908,96,24,0
2026-04-23 10:45:00,1.34908,1.3491,1.34905,1.34906,69,24,0
2026-04-23 10:46:00,1.34905,1.34905,1.3489,1.34898,99,24,0
2026-04-23 10:47:00,1.3489499999999999,1.349,1.34874,1.34875,125,24,0
2026-04-23 10:48:00,1.34875,1.34879,1.34853,1.34853,112,24,0
2026-04-23 10:49:00,1.34853,1.34863,1.34843,1.34855,115,24,0
2026-04-23 10:50:00,1.34856,1.3486099999999999,1.34854,1.34859,97,24,0
2026-04-23 10:51:00,1.34859,1.3486500000000001,1.3485,1.34859,83,24,0
2026-04-23 10:52:00,1.34859,1.34867,1.34853,1.34856,80,24,0
2026-04-23 10:53:00,1.34855,1.3486099999999999,1.34853,1.3485800000000001,86,24,0
2026-04-23 10:54:00,1.3485800000000001,1.34862,1.34852,1.3485800000000001,68,24,0
2026-04-23 10:55:00,1.3485800000000001,1.34879,1.34849,1.34853,165,24,0
2026-04-23 10:56:00,1.34853,1.3485800000000001,1.34837,1.34845,172,24,0
2026-04-23 10:57:00,1.34844,1.34855,1.3483100000000001,1.34855,202,24,0
2026-04-23 10:58:00,1.34855,1.34869,1.34848,1.3485,249,24,0
2026-04-23 10:59:00,1.34849,1.34853,1.3483100000000001,1.34832,157,24,0
2026-04-23 11:00:00,1.34836,1.34846,1.34835,1.3483800000000001,197,24,0
2026-04-23 11:01:00,1.3483800000000001,1.34849,1.3483800000000001,1.34842,144,24,0
2026-04-23 11:02:00,1.34842,1.34846,1.34827,1.34844,159,24,0
2026-04-23 11:03:00,1.34844,1.34855,1.3484,1.34855,94,24,0
2026-04-23 11:04:00,1.34855,1.3487,1.34854,1.34855,116,24,0
2026-04-23 11:05:00,1.34855,1.3486,1.34847,1.34849,58,24,0
2026-04-23 11:06:00,1.34848,1.34849,1.34833,1.3483399999999999,71,24,0
2026-04-23 11:07:00,1.3483399999999999,1.3484,1.34827,1.34837,57,24,0
2026-04-23 11:08:00,1.34837,1.3485,1.34837,1.34849,54,24,0
2026-04-23 11:09:00,1.3485,1.3485,1.3483800000000001,1.34842,53,24,0
2026-04-23 11:10:00,1.3484099999999999,1.34852,1.3484,1.34843,55,24,0
2026-04-23 11:11:00,1.34844,1.34859,1.34843,1.34852,61,24,0
2026-04-23 11:12:00,1.34852,1.34867,1.34848,1.34866,86,24,0
2026-04-23 11:13:00,1.34866,1.34877,1.34855,1.34859,74,24,0
2026-04-23 11:14:00,1.3486,1.34869,1.34837,1.3486799999999999,152,24,0
2026-04-23 11:15:00,1.34866,1.34878,1.34863,1.34878,94,24,0
2026-04-23 11:16:00,1.34878,1.34879,1.34862,1.3486500000000001,61,24,0
2026-04-23 11:17:00,1.3486500000000001,1.34867,1.3484099999999999,1.34846,73,24,0
2026-04-23 11:18:00,1.34847,1.34874,1.34845,1.34871,99,24,0
2026-04-23 11:19:00,1.34871,1.34889,1.3487,1.34885,78,24,0
2026-04-23 11:20:00,1.34886,1.34912,1.34885,1.34912,80,24,0
2026-04-23 11:21:00,1.34912,1.34939,1.34912,1.34921,99,24,0
2026-04-23 11:22:00,1.34923,1.3493,1.34905,1.34916,162,24,0
2026-04-23 11:23:00,1.34916,1.34917,1.34906,1.3491,116,24,0
2026-04-23 11:24:00,1.34911,1.3492600000000001,1.34908,1.3492600000000001,119,24,0
2026-04-23 11:25:00,1.3492600000000001,1.34945,1.3492600000000001,1.34937,77,24,0
2026-04-23 11:26:00,1.34938,1.34943,1.34927,1.34928,81,24,0
2026-04-23 11:27:00,1.34928,1.34941,1.34927,1.34937,133,24,0
2026-04-23 11:28:00,1.34938,1.34942,1.34932,1.34935,86,24,0
2026-04-23 11:29:00,1.34935,1.34936,1.34912,1.34934,132,24,0
2026-04-23 11:30:00,1.34934,1.34945,1.3492899999999999,1.34931,110,24,0
2026-04-23 11:31:00,1.34931,1.34939,1.3492600000000001,1.34934,141,24,0
2026-04-23 11:32:00,1.34933,1.34943,1.34915,1.34916,107,24,0
2026-04-23 11:33:00,1.34915,1.34917,1.34901,1.3490199999999999,98,24,0
2026-04-23 11:34:00,1.34903,1.34923,1.3490199999999999,1.3491900000000001,89,24,0
2026-04-23 11:35:00,1.3491900000000001,1.34936,1.34918,1.34936,65,24,0
2026-04-23 11:36:00,1.34936,1.34952,1.34923,1.34923,88,24,0
2026-04-23 11:37:00,1.34923,1.3496299999999999,1.3492199999999999,1.34934,202,24,0
2026-04-23 11:38:00,1.34933,1.34942,1.34915,1.34918,139,24,0
2026-04-23 11:39:00,1.3491900000000001,1.34925,1.34914,1.34921,111,24,0
2026-04-23 11:40:00,1.34921,1.34947,1.3492,1.34945,111,24,0
2026-04-23 11:41:00,1.34945,1.34947,1.34935,1.34946,107,24,0
2026-04-23 11:42:00,1.34946,1.34992,1.34946,1.34989,173,24,0
2026-04-23 11:43:00,1.3498999999999999,1.34997,1.34982,1.3498299999999999,167,24,0
2026-04-23 11:44:00,1.3498299999999999,1.3498700000000001,1.34976,1.34984,111,24,0
2026-04-23 11:45:00,1.34984,1.34996,1.34982,1.34989,98,24,0
2026-04-23 11:46:00,1.34988,1.34997,1.34985,1.34994,96,24,0
2026-04-23 11:47:00,1.34994,1.35037,1.34993,1.35036,223,24,0
2026-04-23 11:48:00,1.35036,1.3504800000000001,1.35028,1.35028,201,24,0
2026-04-23 11:49:00,1.35028,1.35038,1.34993,1.34994,198,24,0
2026-04-23 11:50:00,1.34994,1.34996,1.34981,1.3498299999999999,170,24,0
2026-04-23 11:51:00,1.3498299999999999,1.3502,1.34982,1.35015,188,24,0
2026-04-23 11:52:00,1.35016,1.35123,1.35016,1.35107,396,24,0
2026-04-23 11:53:00,1.3510900000000001,1.35113,1.35052,1.35053,276,24,0
2026-04-23 11:54:00,1.35053,1.3507799999999999,1.35053,1.35071,251,24,0
2026-04-23 11:55:00,1.35072,1.35079,1.35062,1.35071,217,24,0
2026-04-23 11:56:00,1.35071,1.35077,1.35056,1.35059,234,24,0
2026-04-23 11:57:00,1.35059,1.3507500000000001,1.35059,1.35063,145,24,0
2026-04-23 11:58:00,1.35063,1.35073,1.3506,1.35064,181,24,0
2026-04-23 11:59:00,1.35063,1.35065,1.35046,1.35046,115,24,0
2026-04-23 12:00:00,1.35045,1.3505099999999999,1.35026,1.3505099999999999,207,24,0
2026-04-23 12:01:00,1.3505099999999999,1.3506,1.35036,1.35053,174,24,0
2026-04-23 12:02:00,1.35052,1.35076,1.3504800000000001,1.35057,233,24,0
2026-04-23 12:03:00,1.35056,1.35057,1.35023,1.3502399999999999,235,24,0
2026-04-23 12:04:00,1.35025,1.35026,1.34994,1.35015,203,24,0
2026-04-23 12:05:00,1.35015,1.35045,1.35011,1.3504399999999999,173,24,0
2026-04-23 12:06:00,1.35045,1.35077,1.35037,1.35071,304,24,0
2026-04-23 12:07:00,1.35068,1.35089,1.35053,1.35066,296,24,0
2026-04-23 12:08:00,1.35065,1.35065,1.35045,1.3505099999999999,246,24,0
2026-04-23 12:09:00,1.3505099999999999,1.35065,1.3505,1.35054,206,24,0
2026-04-23 12:10:00,1.35055,1.35084,1.3505,1.35074,197,24,0
2026-04-23 12:11:00,1.3507500000000001,1.3508200000000001,1.35057,1.35064,164,24,0
2026-04-23 12:12:00,1.35064,1.35087,1.35063,1.35074,171,24,0
2026-04-23 12:13:00,1.35074,1.35096,1.35067,1.35096,206,24,0
2026-04-23 12:14:00,1.35095,1.35096,1.35068,1.3507799999999999,178,24,0
2026-04-23 12:15:00,1.3507799999999999,1.3507799999999999,1.35058,1.3506,106,24,0
2026-04-23 12:16:00,1.3506,1.3506,1.35033,1.35041,191,24,0
2026-04-23 12:17:00,1.35041,1.3505,1.35029,1.35046,150,24,0
2026-04-23 12:18:00,1.35046,1.35047,1.35023,1.35029,169,24,0
2026-04-23 12:19:00,1.3503,1.35036,1.35019,1.3502100000000001,162,24,0
2026-04-23 12:20:00,1.3502100000000001,1.35033,1.35005,1.35006,177,24,0
2026-04-23 12:21:00,1.35006,1.35009,1.34962,1.34962,190,24,0
2026-04-23 12:22:00,1.3496299999999999,1.34966,1.34923,1.34923,189,24,0
2026-04-23 12:23:00,1.34924,1.34944,1.34918,1.34923,134,24,0
2026-04-23 12:24:00,1.34924,1.34961,1.34923,1.34955,127,24,0
2026-04-23 12:25:00,1.34955,1.34957,1.34938,1.34942,110,24,0
2026-04-23 12:26:00,1.34941,1.34966,1.3494,1.34957,100,24,0
2026-04-23 12:27:00,1.34957,1.34966,1.34947,1.34949,79,24,0
2026-04-23 12:28:00,1.34949,1.34949,1.34932,1.34932,84,24,0
2026-04-23 12:29:00,1.34932,1.34941,1.34932,1.34932,132,24,0
2026-04-23 12:30:00,1.34931,1.34955,1.34923,1.3495300000000001,109,24,0
2026-04-23 12:31:00,1.3495300000000001,1.34968,1.3495300000000001,1.34957,75,24,0
2026-04-23 12:32:00,1.34958,1.34985,1.3495300000000001,1.34984,66,24,0
2026-04-23 12:33:00,1.34985,1.35004,1.3498,1.34992,120,24,0
2026-04-23 12:34:00,1.34992,1.34993,1.34961,1.3498999999999999,127,24,0
2026-04-23 12:35:00,1.34989,1.34996,1.34977,1.34995,150,24,0
2026-04-23 12:36:00,1.34996,1.34996,1.34958,1.34965,213,24,0
2026-04-23 12:37:00,1.3496299999999999,1.34981,1.34962,1.34964,223,24,0
2026-04-23 12:38:00,1.3496299999999999,1.34981,1.34954,1.34962,162,24,0
2026-04-23 12:39:00,1.34962,1.34976,1.3496000000000001,1.34975,150,24,0
2026-04-23 12:40:00,1.34974,1.34977,1.3495599999999999,1.3496299999999999,119,24,0
2026-04-23 12:41:00,1.3496299999999999,1.34974,1.34959,1.34973,119,24,0
2026-04-23 12:42:00,1.34973,1.34977,1.34962,1.34974,130,24,0
2026-04-23 12:43:00,1.34974,1.3498700000000001,1.34971,1.34979,112,24,0
2026-04-23 12:44:00,1.34978,1.34978,1.34954,1.34958,129,24,0
2026-04-23 12:45:00,1.34957,1.34984,1.34898,1.34907,215,24,0
2026-04-23 12:46:00,1.3490199999999999,1.34931,1.34853,1.34913,585,24,0
2026-04-23 12:47:00,1.34913,1.34913,1.3489200000000001,1.3489200000000001,315,24,0
2026-04-23 12:48:00,1.3489200000000001,1.34914,1.34876,1.34885,219,24,0
2026-04-23 12:49:00,1.34886,1.34886,1.34843,1.34852,147,24,0
2026-04-23 12:50:00,1.34855,1.34857,1.34844,1.34853,171,24,0
2026-04-23 12:51:00,1.34852,1.34877,1.34843,1.34876,140,24,0
2026-04-23 12:52:00,1.34876,1.34889,1.34864,1.34884,159,24,0
2026-04-23 12:53:00,1.34885,1.34886,1.34871,1.34874,142,24,0
2026-04-23 12:54:00,1.34873,1.34882,1.34856,1.34872,123,24,0
2026-04-23 12:55:00,1.34872,1.34882,1.34863,1.34869,143,24,0
2026-04-23 12:56:00,1.3487,1.34886,1.34856,1.34863,153,24,0
2026-04-23 12:57:00,1.34862,1.3486799999999999,1.34847,1.3486500000000001,130,24,0
2026-04-23 12:58:00,1.34864,1.34884,1.34862,1.34875,153,24,0
2026-04-23 12:59:00,1.34875,1.34876,1.34862,1.34867,99,24,0
2026-04-23 13:00:00,1.34866,1.34874,1.34851,1.34873,130,24,0
2026-04-23 13:01:00,1.34874,1.34881,1.34859,1.3486099999999999,122,24,0
2026-04-23 13:02:00,1.3486099999999999,1.34875,1.34859,1.34874,120,24,0
2026-04-23 13:03:00,1.34873,1.34884,1.3486,1.3486500000000001,146,24,0
2026-04-23 13:04:00,1.34866,1.34869,1.34852,1.3486,142,24,0
2026-04-23 13:05:00,1.3486,1.34875,1.3486,1.34867,72,24,0
2026-04-23 13:06:00,1.34866,1.34867,1.34863,1.3486500000000001,55,24,0
